EmployeeID,Name,Age,Gender,MaritalStatus,Department,JobRole,Education,EducationField,YearsAtCompany,YearsInCurrentRole,NumCompaniesWorked,DistanceFromHome,BusinessTravel,MonthlyIncome,Currency,PercentSalaryHike,PerformanceRating,JobSatisfaction,EnvironmentSatisfaction,WorkLifeBalance,OverTime,TrainingTimesLastYear,RecruitmentSource,RemoteWorkType,ProjectsHandled,AbsenteeismDays,YearsSinceLastPromotion,NumPromotions,ManagerRating,Certifications,TeamSize,Attrition
1,David Anderson,40,Male,Married,Research & Development,Research Scientist,Bachelor's,Marketing,6,1,3,21,Travel_Rarely,59644,INR,22,3,1,1,3,No,3,Job Portal,On-site,8,4,0,3,Excellent,1,16,No
2,Sofia Ali,30,Female,Single,Research & Development,Laboratory Technician,Bachelor's,Other,12,10,4,4,Travel_Rarely,26014,INR,19,4,4,4,3,No,0,Referral,Hybrid,9,3,3,4,Needs Improvement,4,7,No
3,Ben Khan,40,Male,Married,IT,System Administrator,PhD,Marketing,1,0,1,26,Travel_Rarely,32958,INR,13,3,3,3,3,No,4,Consultancy,Hybrid,4,5,0,1,Excellent,1,22,No
4,Mary Johnson,20,Male,Married,Research & Development,Manufacturing Director,Bachelor's,Life Sciences,2,1,2,1,Non-Travel,169841,INR,11,3,2,4,3,Yes,0,LinkedIn,On-site,7,6,2,1,Average,1,5,No
5,Neha Singh,42,Female,Divorced,Human Resources,HR Recruiter,Bachelor's,Technical Degree,13,5,1,8,Travel_Rarely,34401,INR,24,3,2,2,4,No,0,Job Portal,Remote,11,12,11,5,Average,1,22,No
6,Nia Martin,27,Female,Married,Research & Development,R&D Manager,Master's,Life Sciences,1,0,5,27,Travel_Rarely,119896,INR,11,3,4,2,1,No,0,Consultancy,On-site,0,9,1,0,Average,1,20,No
7,Lucy Clark,24,Male,Single,Human Resources,HR Manager,Bachelor's,Life Sciences,1,0,5,22,Travel_Rarely,65830,INR,24,3,4,3,3,Yes,5,Referral,Hybrid,4,3,1,0,Excellent,0,20,No
8,Amit Sharma,29,Male,Married,Research & Development,Laboratory Technician,Bachelor's,Marketing,1,0,2,23,Travel_Rarely,16797,INR,12,3,1,2,4,No,4,LinkedIn,On-site,1,2,1,1,Good,0,18,No
9,James Nair,55,Male,Single,Finance,Financial Analyst,PhD,Technical Degree,3,2,1,10,Travel_Rarely,44388,INR,17,4,4,3,4,No,2,Walk-in,Hybrid,5,4,1,2,Excellent,2,23,No
10,Nia Kim,31,Female,Divorced,Research & Development,Manufacturing Director,Master's,Human Resources,6,5,3,4,Travel_Rarely,235218,INR,24,3,2,4,3,Yes,5,Walk-in,On-site,5,8,0,2,Good,2,23,No
11,Wei Ali,38,Female,Married,Research & Development,Manufacturing Director,PhD,Life Sciences,9,5,1,12,Travel_Frequently,316621,INR,12,3,1,4,3,No,3,Campus Hiring,On-site,7,3,1,4,Average,4,19,No
12,Neha Wilson,51,Male,Divorced,Sales,Sales Executive,PhD,Technical Degree,11,7,1,13,Non-Travel,46941,INR,14,3,2,2,2,No,5,LinkedIn,Remote,9,8,3,4,Good,0,5,No
13,Amit Lee,51,Female,Married,Finance,Accountant,High School,Other,2,1,3,13,Travel_Rarely,22257,INR,21,3,4,3,3,Yes,5,Consultancy,Hybrid,6,6,2,1,Good,2,14,No
14,Linda Clark,20,Female,Married,Human Resources,HR Manager,Bachelor's,Human Resources,2,1,4,2,Travel_Frequently,71216,INR,19,3,4,3,3,No,4,Job Portal,On-site,6,2,0,1,Average,0,6,No
15,Neha Clark,36,Female,Single,Research & Development,Manufacturing Director,Bachelor's,Marketing,2,0,2,5,Travel_Rarely,180834,INR,11,3,4,1,4,No,5,LinkedIn,Hybrid,4,5,0,0,Average,2,20,No
16,Fatima Patel,45,Male,Single,Research & Development,Manufacturing Director,High School,Human Resources,1,0,0,7,Travel_Rarely,160449,INR,14,3,3,3,3,No,5,LinkedIn,On-site,4,4,0,1,Average,0,11,No
17,Ravi Khan,43,Male,Single,Sales,Sales Manager,PhD,Other,6,4,2,19,Travel_Frequently,111530,INR,14,3,3,2,2,No,5,LinkedIn,Hybrid,7,3,0,2,Good,1,19,No
18,Chen Davis,37,Male,Single,Finance,Accountant,Master's,Life Sciences,6,4,1,3,Non-Travel,35536,INR,24,3,4,2,2,No,5,LinkedIn,Hybrid,7,7,6,2,Average,1,17,No
19,Yusuf Nair,37,Male,Married,Human Resources,HR Manager,Bachelor's,Human Resources,4,3,3,1,Non-Travel,81937,INR,18,3,3,3,3,No,4,Job Portal,Hybrid,7,4,0,2,Average,5,11,No
20,Kevin Wilson,38,Male,Married,Research & Development,Research Scientist,Master's,Marketing,0,0,2,14,Travel_Rarely,42560,INR,15,3,4,2,4,No,2,Consultancy,Hybrid,3,4,0,0,Good,2,23,No
21,Yusuf Khan,28,Female,Single,Research & Development,Research Scientist,Bachelor's,Life Sciences,8,4,2,23,Travel_Rarely,72133,INR,13,3,4,3,3,No,1,Referral,Remote,9,3,0,3,Good,2,7,No
22,Ben Rodriguez,34,Male,Single,Sales,Sales Executive,Master's,Marketing,8,7,1,14,Travel_Rarely,37269,INR,17,4,1,1,2,Yes,4,Walk-in,Hybrid,8,7,4,3,Needs Improvement,1,20,Yes
23,Raj Patel,43,Male,Married,Sales,Sales Representative,Bachelor's,Other,11,8,4,4,Non-Travel,26292,INR,15,3,4,2,1,Yes,0,LinkedIn,Hybrid,11,4,3,3,Good,1,5,No
24,Ravi Patel,45,Female,Married,Marketing,Content Strategist,PhD,Human Resources,1,0,0,26,Non-Travel,36304,INR,23,3,3,3,3,No,0,LinkedIn,On-site,6,9,1,1,Needs Improvement,3,17,No
25,Ravi Patel,20,Male,Divorced,Sales,Sales Manager,Master's,Marketing,2,1,0,18,Travel_Rarely,75856,INR,21,3,1,3,2,Yes,1,LinkedIn,On-site,9,2,0,1,Needs Improvement,3,23,Yes
26,Lucy Lee,33,Female,Single,Research & Development,R&D Manager,PhD,Medical,6,1,2,7,Travel_Rarely,182193,INR,15,3,1,4,3,No,3,Campus Hiring,On-site,8,7,0,2,Needs Improvement,3,11,No
27,Raj Johnson,20,Male,Single,Marketing,Marketing Manager,Bachelor's,Life Sciences,1,0,2,3,Travel_Rarely,78048,INR,13,3,3,1,4,Yes,0,LinkedIn,On-site,3,5,1,1,Good,4,18,No
28,Aisha Kumar,37,Male,Married,IT,Software Engineer,Bachelor's,Human Resources,0,0,3,25,Travel_Frequently,36592,INR,20,3,3,4,2,No,5,Referral,On-site,3,2,0,0,Average,2,17,No
29,David Nair,31,Female,Married,Marketing,Marketing Executive,PhD,Life Sciences,2,1,0,17,Travel_Rarely,30919,INR,23,3,3,3,3,Yes,0,LinkedIn,On-site,4,7,2,1,Good,2,22,No
30,Aisha Sharma,40,Male,Divorced,Research & Development,Research Scientist,Bachelor's,Medical,1,0,3,15,Travel_Rarely,41881,INR,19,4,4,4,4,No,2,Referral,Hybrid,0,5,1,0,Good,2,10,No
31,Mary Smith,31,Female,Married,Research & Development,Laboratory Technician,Bachelor's,Human Resources,0,0,0,28,Travel_Rarely,14535,INR,19,3,1,3,2,No,1,Referral,On-site,1,6,0,0,Needs Improvement,0,8,Yes
32,Maria Singh,20,Male,Divorced,Human Resources,HR Executive,Bachelor's,Medical,2,1,1,8,Travel_Rarely,23461,INR,14,3,4,3,1,Yes,5,LinkedIn,On-site,5,10,0,0,Good,1,23,No
33,Fatima Khan,39,Female,Single,IT,Software Engineer,Master's,Technical Degree,4,1,3,17,Travel_Rarely,70589,INR,13,3,4,2,3,No,0,Consultancy,On-site,6,6,1,1,Good,1,3,No
34,Carlos Singh,45,Male,Divorced,IT,System Administrator,Bachelor's,Marketing,3,1,2,22,Travel_Rarely,33463,INR,11,3,3,3,3,No,3,LinkedIn,Remote,3,3,2,1,Good,2,16,No
35,Lucy Wilson,44,Male,Married,IT,System Administrator,Bachelor's,Medical,0,0,2,6,Non-Travel,26409,INR,11,3,2,2,4,Yes,0,Campus Hiring,Hybrid,3,7,0,1,Good,1,3,Yes
36,Carlos Clark,39,Female,Single,Research & Development,R&D Manager,High School,Life Sciences,1,0,5,2,Travel_Rarely,103147,INR,19,3,3,3,3,No,4,LinkedIn,On-site,5,7,1,0,Average,3,13,No
37,Wei Clark,25,Male,Single,Sales,Sales Manager,Bachelor's,Marketing,3,2,3,29,Travel_Rarely,75932,INR,12,3,3,2,2,No,1,Job Portal,On-site,5,10,0,2,Good,1,6,No
38,Robert Kumar,49,Female,Married,Research & Development,Laboratory Technician,Master's,Medical,1,0,2,18,Travel_Rarely,17203,INR,13,3,3,2,3,No,5,Campus Hiring,On-site,5,4,1,0,Good,1,9,No
39,Kevin Gupta,40,Male,Married,Sales,Sales Executive,Bachelor's,Other,1,0,5,3,Travel_Rarely,22291,INR,22,3,4,3,4,Yes,1,Referral,On-site,5,5,1,1,Excellent,3,3,No
40,Wei Kim,44,Male,Single,Sales,Sales Executive,High School,Marketing,2,1,5,1,Travel_Rarely,22980,INR,11,3,4,3,4,No,5,Walk-in,On-site,2,8,2,1,Good,1,15,No
41,Mary Wilson,44,Male,Divorced,Research & Development,R&D Manager,High School,Technical Degree,3,1,0,28,Travel_Rarely,119790,INR,23,3,3,3,3,No,1,Campus Hiring,Hybrid,4,6,0,2,Good,2,7,No
42,Chen Rodriguez,20,Female,Married,Finance,Accountant,Bachelor's,Marketing,2,1,1,14,Travel_Rarely,23501,INR,16,3,4,2,3,Yes,4,Referral,On-site,5,5,2,0,Good,4,3,No
43,Amit Kim,38,Male,Married,Finance,Financial Analyst,Master's,Technical Degree,2,0,3,2,Travel_Rarely,41920,INR,17,3,1,1,3,Yes,2,Campus Hiring,On-site,5,4,0,1,Good,2,11,No
44,Carlos Patel,34,Male,Married,Research & Development,Laboratory Technician,Bachelor's,Technical Degree,3,2,1,9,Travel_Frequently,17944,INR,12,3,3,4,4,No,2,Job Portal,On-site,4,4,3,2,Average,3,15,No
45,Anjali Sharma,40,Female,Married,Sales,Sales Representative,Master's,Marketing,13,4,1,22,Travel_Frequently,33744,INR,21,4,3,2,3,No,4,LinkedIn,Hybrid,12,6,1,5,Average,2,11,No
46,Emma Khan,42,Female,Married,Human Resources,HR Manager,Master's,Technical Degree,7,5,4,14,Travel_Rarely,100531,INR,14,3,4,3,3,No,4,Referral,On-site,7,4,2,3,Average,1,24,No
47,David Martin,42,Female,Single,IT,System Administrator,Bachelor's,Human Resources,1,0,0,23,Travel_Rarely,28667,INR,21,3,2,2,3,No,2,Campus Hiring,Hybrid,4,8,1,1,Good,2,8,No
48,Linda Gupta,44,Female,Married,IT,Data Analyst,Bachelor's,Life Sciences,0,0,1,4,Travel_Rarely,30565,INR,14,3,2,1,1,Yes,3,LinkedIn,On-site,4,6,0,1,Average,3,14,Yes
49,Maria Clark,43,Male,Single,Finance,Accountant,Bachelor's,Marketing,2,0,1,21,Travel_Rarely,23024,INR,17,3,3,4,2,No,2,Job Portal,On-site,7,6,0,0,Good,2,6,No
50,Ravi Nair,24,Male,Single,IT,Data Analyst,High School,Other,3,2,1,14,Travel_Rarely,38718,INR,24,3,2,3,4,No,0,LinkedIn,On-site,2,7,1,2,Average,3,10,No
51,Robert Smith,31,Female,Single,Research & Development,R&D Manager,Master's,Marketing,9,3,3,6,Travel_Frequently,180627,INR,24,3,2,4,3,Yes,2,Referral,Hybrid,8,10,0,4,Average,0,23,No
52,Tom Sharma,31,Male,Married,Research & Development,Laboratory Technician,Bachelor's,Medical,2,1,3,23,Travel_Rarely,17359,INR,12,3,1,4,2,No,0,Campus Hiring,Hybrid,3,11,1,1,Good,1,21,No
53,James Kim,32,Male,Single,Marketing,Marketing Manager,High School,Other,14,12,5,16,Travel_Rarely,129070,INR,13,4,1,4,3,Yes,5,LinkedIn,Hybrid,10,7,3,5,Good,1,23,No
54,Grace Patel,35,Male,Single,Research & Development,Research Scientist,Bachelor's,Technical Degree,0,0,0,29,Travel_Rarely,42187,INR,18,3,3,3,3,No,0,Consultancy,On-site,4,8,0,1,Good,1,10,No
55,Yusuf Kumar,23,Female,Married,Sales,Sales Representative,Bachelor's,Life Sciences,0,0,2,6,Travel_Frequently,15881,INR,24,3,1,2,4,Yes,0,Job Portal,On-site,2,8,0,1,Needs Improvement,1,16,Yes
56,Mary Nair,35,Female,Married,Sales,Sales Executive,High School,Technical Degree,8,6,0,2,Travel_Rarely,32929,INR,18,3,1,1,3,No,4,Job Portal,On-site,11,2,1,2,Good,0,17,No
57,Maria Khan,30,Male,Married,Sales,Sales Executive,Master's,Other,2,0,3,22,Travel_Frequently,27190,INR,13,4,4,3,3,No,1,LinkedIn,Hybrid,4,5,1,0,Good,1,7,No
58,Amit Davis,41,Male,Single,Research & Development,R&D Manager,PhD,Life Sciences,3,0,3,17,Non-Travel,140424,INR,21,3,1,4,3,Yes,4,LinkedIn,Hybrid,5,5,1,1,Average,2,15,Yes
59,Amit Khan,54,Male,Married,Sales,Sales Executive,Master's,Technical Degree,36,14,2,28,Travel_Rarely,50893,INR,12,3,3,3,2,No,3,Consultancy,On-site,22,5,7,5,Good,4,8,No
60,Chen Anderson,36,Female,Divorced,Research & Development,Laboratory Technician,Bachelor's,Marketing,10,9,5,19,Travel_Rarely,23827,INR,14,3,3,2,2,No,2,Job Portal,Remote,6,7,0,3,Average,1,19,No
61,Chen Johnson,40,Male,Married,Sales,Sales Representative,Master's,Human Resources,9,6,0,9,Travel_Rarely,28118,INR,24,3,4,1,3,No,5,Referral,On-site,8,6,0,4,Good,2,3,No
62,Tom Patel,42,Female,Married,Research & Development,Laboratory Technician,Bachelor's,Human Resources,10,6,3,25,Non-Travel,25547,INR,24,3,2,3,2,No,3,LinkedIn,Hybrid,8,2,1,4,Average,3,8,No
63,Amit Smith,34,Male,Married,Sales,Sales Executive,Master's,Technical Degree,2,1,2,15,Travel_Frequently,26058,INR,23,3,3,4,1,Yes,4,LinkedIn,On-site,7,7,2,0,Good,2,11,Yes
64,Aisha Anderson,37,Female,Married,Finance,Accountant,Bachelor's,Human Resources,0,0,3,13,Travel_Rarely,20511,INR,16,3,1,1,3,No,5,Walk-in,On-site,2,6,0,0,Average,0,8,No
65,Wei Khan,42,Male,Married,IT,IT Support,PhD,Marketing,8,3,1,10,Travel_Rarely,33546,INR,11,3,2,3,3,No,4,Walk-in,On-site,10,5,6,2,Good,2,24,No
66,Lucy Clark,42,Female,Married,Research & Development,Manufacturing Director,Bachelor's,Life Sciences,1,0,2,10,Travel_Rarely,164098,INR,11,3,4,2,3,No,0,Consultancy,Hybrid,1,10,1,0,Good,1,13,No
67,Ravi Wilson,32,Female,Married,IT,Software Engineer,Bachelor's,Marketing,14,9,1,24,Travel_Rarely,134493,INR,17,3,1,1,4,No,4,Job Portal,Remote,11,6,0,4,Good,2,12,No
68,Lucy Martin,41,Male,Married,Research & Development,Laboratory Technician,Master's,Other,11,3,3,25,Travel_Rarely,28581,INR,19,3,3,3,4,No,0,Job Portal,Remote,12,7,2,4,Good,2,9,No
69,Ben Davis,33,Female,Married,Finance,Finance Manager,Master's,Technical Degree,1,0,1,20,Travel_Rarely,95399,INR,21,3,4,3,3,No,4,Walk-in,Hybrid,2,6,1,1,Good,1,5,No
70,Ahmed Patel,45,Female,Married,Finance,Accountant,PhD,Other,9,5,1,4,Travel_Rarely,45286,INR,21,3,2,3,4,No,5,Campus Hiring,On-site,10,6,1,4,Needs Improvement,1,17,No
71,Priya Rodriguez,33,Male,Single,IT,IT Support,Master's,Life Sciences,0,0,1,27,Non-Travel,18894,INR,11,3,3,4,3,No,3,Referral,Hybrid,4,8,0,1,Average,1,13,No
72,Sofia Martin,37,Male,Married,Finance,Finance Manager,Bachelor's,Other,1,0,3,5,Non-Travel,81880,INR,11,3,2,3,3,No,0,Job Portal,On-site,2,6,0,0,Good,1,20,No
73,Sara Kim,24,Female,Married,Marketing,Marketing Executive,High School,Other,2,1,1,18,Travel_Rarely,22604,INR,19,3,3,3,3,Yes,2,LinkedIn,On-site,5,10,0,0,Good,1,24,No
74,David Khan,36,Female,Married,Human Resources,HR Manager,Bachelor's,Life Sciences,2,1,2,7,Travel_Rarely,70768,INR,16,3,1,3,1,No,0,LinkedIn,Hybrid,1,6,2,1,Needs Improvement,0,3,No
75,Kevin Kumar,27,Male,Married,Sales,Sales Executive,Bachelor's,Medical,8,7,2,23,Travel_Frequently,34746,INR,11,3,4,2,4,No,4,LinkedIn,On-site,11,6,0,3,Good,1,6,No
76,Tom Kim,20,Female,Married,Sales,Sales Executive,Bachelor's,Medical,0,0,1,6,Travel_Rarely,23007,INR,23,3,3,4,1,No,2,Walk-in,Hybrid,5,5,0,0,Average,4,24,No
77,Emma Kumar,27,Female,Single,Research & Development,Manufacturing Director,Bachelor's,Human Resources,3,2,2,8,Travel_Frequently,182105,INR,20,4,2,3,3,Yes,1,Referral,On-site,5,7,3,2,Excellent,4,19,No
78,Yusuf Brown,40,Female,Married,Sales,Sales Executive,Master's,Medical,4,3,3,21,Travel_Rarely,31743,INR,19,3,4,4,3,No,0,Job Portal,Hybrid,5,3,0,2,Average,1,6,No
79,Sofia Johnson,35,Male,Divorced,Finance,Financial Analyst,PhD,Technical Degree,2,0,3,27,Non-Travel,42523,INR,21,3,4,1,2,No,0,Campus Hiring,Hybrid,5,7,2,0,Good,1,23,No
80,Yusuf Rodriguez,39,Female,Single,IT,System Administrator,Bachelor's,Other,6,3,1,10,Travel_Rarely,41490,INR,12,3,4,3,2,Yes,1,Consultancy,On-site,8,7,1,2,Good,0,7,No
81,Grace Singh,31,Male,Divorced,IT,Software Engineer,High School,Human Resources,0,0,3,15,Travel_Rarely,34849,INR,18,3,1,4,4,No,5,LinkedIn,Hybrid,4,2,0,0,Average,1,18,No
82,Tom Lee,35,Male,Married,Research & Development,Laboratory Technician,Master's,Medical,9,6,4,4,Non-Travel,27954,INR,13,3,4,3,2,No,2,Job Portal,Hybrid,12,5,8,4,Good,0,9,No
83,Grace Kim,24,Female,Married,Human Resources,HR Recruiter,High School,Medical,3,1,7,23,Travel_Rarely,19301,INR,21,3,3,1,1,No,5,LinkedIn,Hybrid,8,7,0,1,Needs Improvement,3,13,No
84,Priya Lee,56,Male,Single,Finance,Finance Manager,Bachelor's,Technical Degree,0,0,4,24,Non-Travel,82863,INR,24,3,2,1,4,No,3,Referral,Remote,3,6,0,1,Excellent,1,19,No
85,Yusuf Kumar,44,Male,Single,Research & Development,Manufacturing Director,Bachelor's,Life Sciences,5,4,3,25,Travel_Rarely,218805,INR,19,4,1,3,3,No,3,Referral,Hybrid,6,11,4,1,Good,0,15,No
86,Olga Clark,31,Male,Single,Research & Development,R&D Manager,Master's,Other,13,12,3,14,Travel_Rarely,237554,INR,19,3,3,3,3,No,4,Job Portal,Hybrid,9,4,0,4,Good,0,18,No
87,James Singh,53,Female,Married,Human Resources,HR Manager,Master's,Human Resources,0,0,2,18,Travel_Rarely,69251,INR,20,3,2,3,2,No,0,Referral,On-site,1,4,0,0,Average,0,21,Yes
88,Raj Clark,23,Female,Married,IT,IT Support,Bachelor's,Medical,5,2,2,21,Travel_Frequently,23445,INR,11,3,3,1,4,No,2,Campus Hiring,On-site,7,7,0,2,Good,1,10,No
89,Neha Clark,31,Female,Single,Research & Development,R&D Manager,High School,Life Sciences,0,0,2,24,Travel_Rarely,94668,INR,20,4,3,2,2,Yes,2,Referral,On-site,7,4,0,0,Average,0,3,Yes
90,Amit Ali,25,Male,Married,Sales,Sales Executive,Bachelor's,Technical Degree,0,0,5,25,Travel_Rarely,22175,INR,17,3,3,3,4,Yes,2,Referral,On-site,2,11,0,1,Good,2,22,No
91,Fatima Anderson,22,Female,Married,Sales,Sales Executive,Bachelor's,Medical,0,0,1,21,Travel_Rarely,20816,INR,16,3,1,3,3,No,5,Walk-in,On-site,3,5,0,1,Average,1,16,No
92,David Khan,33,Male,Married,Finance,Finance Manager,High School,Marketing,0,0,4,15,Travel_Rarely,74845,INR,21,4,3,4,3,No,4,Job Portal,On-site,3,5,0,1,Average,4,12,No
93,Priya Khan,29,Female,Married,Research & Development,Laboratory Technician,Master's,Human Resources,1,0,3,6,Travel_Frequently,17700,INR,19,3,3,3,1,Yes,2,LinkedIn,On-site,4,8,0,0,Good,1,4,Yes
94,Olga Wilson,52,Female,Married,Sales,Sales Manager,Master's,Life Sciences,0,0,1,23,Travel_Frequently,63901,INR,15,3,4,2,2,No,3,LinkedIn,On-site,7,2,0,0,Average,2,16,No
95,Chen Davis,39,Male,Single,Sales,Sales Executive,Bachelor's,Human Resources,2,1,1,26,Non-Travel,24197,INR,20,3,4,4,3,No,5,LinkedIn,On-site,6,7,0,0,Good,1,8,No
96,Yusuf Johnson,40,Female,Single,Finance,Finance Manager,Master's,Technical Degree,6,3,2,5,Travel_Rarely,130482,INR,20,3,1,2,3,No,4,LinkedIn,On-site,7,3,2,2,Average,0,3,No
97,Ben Davis,27,Female,Single,Research & Development,R&D Manager,Bachelor's,Technical Degree,0,0,0,26,Travel_Rarely,95821,INR,21,3,3,4,3,No,5,Campus Hiring,On-site,3,4,0,1,Good,2,11,No
98,Lucy Singh,29,Male,Married,Human Resources,HR Executive,High School,Technical Degree,0,0,2,19,Travel_Rarely,19890,INR,22,3,1,3,3,No,5,Referral,Remote,9,4,0,0,Excellent,2,16,Yes
99,Amit Patel,29,Male,Single,Sales,Sales Representative,Master's,Marketing,6,3,1,11,Non-Travel,24759,INR,18,4,4,4,3,No,5,Referral,On-site,4,11,0,2,Good,2,22,No
100,Anjali Nair,38,Female,Married,IT,Software Engineer,Bachelor's,Marketing,5,4,2,13,Travel_Rarely,67753,INR,18,3,4,1,3,No,3,Walk-in,Remote,4,7,5,2,Good,2,6,No
101,James Khan,29,Female,Single,Sales,Sales Representative,Bachelor's,Human Resources,8,4,4,25,Travel_Frequently,24150,INR,19,3,2,3,4,No,5,Referral,On-site,6,4,2,2,Good,1,12,No
102,Robert Patel,46,Female,Single,IT,Software Engineer,Bachelor's,Medical,2,1,0,16,Travel_Rarely,48363,INR,12,3,3,4,2,Yes,1,LinkedIn,Hybrid,5,4,0,1,Good,2,24,No
103,Aisha Smith,33,Male,Single,Research & Development,R&D Manager,Bachelor's,Human Resources,1,0,3,26,Travel_Frequently,114423,INR,24,3,3,4,4,Yes,0,Job Portal,On-site,1,3,1,1,Good,0,13,No
104,Raj Davis,42,Male,Single,Finance,Accountant,Bachelor's,Other,2,0,2,6,Travel_Rarely,23491,INR,13,3,3,2,1,No,1,Job Portal,On-site,2,8,0,0,Good,0,15,No
105,Amit Wilson,31,Female,Single,Human Resources,HR Executive,Master's,Medical,3,1,2,24,Travel_Rarely,27321,INR,19,3,2,3,2,No,2,Referral,Remote,3,3,1,2,Excellent,1,4,No
106,John Smith,33,Male,Married,Sales,Sales Representative,Master's,Other,0,0,4,5,Non-Travel,17136,INR,19,3,4,3,3,No,4,LinkedIn,Remote,4,6,0,0,Good,3,18,No
107,Ahmed Patel,30,Female,Divorced,IT,Software Engineer,Bachelor's,Other,0,0,2,18,Travel_Rarely,36017,INR,18,3,3,1,3,No,4,Job Portal,Hybrid,2,3,0,1,Needs Improvement,1,13,No
108,Linda Nair,25,Male,Married,Human Resources,HR Recruiter,Bachelor's,Marketing,0,0,2,17,Travel_Rarely,17182,INR,12,4,3,4,3,No,2,Referral,On-site,5,6,0,0,Average,0,10,No
109,Amit Davis,26,Male,Married,IT,Software Engineer,Bachelor's,Human Resources,8,6,0,20,Travel_Frequently,93576,INR,23,3,4,1,2,No,4,Walk-in,Hybrid,9,10,2,2,Good,2,5,No
110,Grace Nair,27,Male,Married,Research & Development,Laboratory Technician,Bachelor's,Other,9,7,4,19,Travel_Rarely,24454,INR,14,3,3,1,3,Yes,1,Walk-in,On-site,11,7,6,3,Average,1,21,No
111,Robert Kim,45,Female,Married,Marketing,Marketing Manager,Bachelor's,Marketing,6,3,2,13,Non-Travel,101956,INR,15,3,3,3,3,No,4,Consultancy,On-site,7,4,0,3,Average,1,17,No
112,Ben Kim,43,Female,Divorced,Finance,Accountant,Bachelor's,Other,2,1,2,13,Travel_Frequently,24815,INR,23,3,1,3,3,No,0,LinkedIn,Hybrid,6,8,0,0,Average,0,13,No
113,Anjali Clark,29,Male,Married,Marketing,Marketing Manager,High School,Medical,1,0,0,1,Travel_Rarely,73010,INR,11,3,1,1,4,Yes,1,LinkedIn,Hybrid,6,10,1,1,Average,2,8,Yes
114,Nia Gupta,40,Male,Single,Research & Development,R&D Manager,PhD,Other,1,0,0,24,Travel_Rarely,125306,INR,24,3,4,4,3,No,1,Campus Hiring,Remote,6,2,1,1,Excellent,2,14,No
115,John Kim,36,Female,Single,Research & Development,Laboratory Technician,PhD,Marketing,1,0,1,27,Travel_Frequently,18954,INR,24,3,3,4,2,No,3,Campus Hiring,On-site,3,8,1,1,Excellent,3,17,No
116,Nia Clark,33,Male,Married,Human Resources,HR Executive,PhD,Marketing,8,5,5,18,Travel_Frequently,34419,INR,11,3,2,2,3,No,0,Referral,Hybrid,8,6,0,3,Excellent,1,7,No
117,Grace Anderson,42,Male,Divorced,Finance,Financial Analyst,High School,Medical,1,0,1,8,Travel_Rarely,32766,INR,20,3,4,3,3,No,3,Walk-in,On-site,5,10,1,0,Needs Improvement,2,6,No
118,Mary Martin,30,Female,Married,Finance,Financial Analyst,Bachelor's,Life Sciences,4,2,3,16,Travel_Rarely,40048,INR,24,3,4,3,2,No,4,Walk-in,On-site,9,3,0,2,Good,5,4,No
119,Carlos Patel,32,Female,Single,Marketing,Marketing Manager,Bachelor's,Marketing,1,0,0,16,Travel_Rarely,73377,INR,15,3,3,2,3,No,2,LinkedIn,Hybrid,8,6,1,1,Average,1,14,No
120,Olga Kumar,29,Male,Married,IT,Data Analyst,Bachelor's,Marketing,3,1,1,12,Travel_Rarely,44574,INR,18,3,3,3,4,No,5,Walk-in,On-site,7,2,0,2,Needs Improvement,2,3,No
121,Ben Rodriguez,33,Female,Married,Research & Development,R&D Manager,High School,Medical,15,9,3,20,Travel_Rarely,214494,INR,17,3,4,2,3,Yes,2,LinkedIn,On-site,9,11,0,5,Good,0,20,No
122,Ravi Davis,50,Male,Married,Marketing,Marketing Executive,High School,Marketing,0,0,5,26,Travel_Rarely,20634,INR,20,3,2,3,4,No,4,Campus Hiring,On-site,5,7,0,0,Excellent,1,18,No
123,Wei Brown,51,Male,Married,Research & Development,Manufacturing Director,High School,Technical Degree,3,1,2,16,Non-Travel,184804,INR,12,3,4,4,3,No,3,Campus Hiring,Remote,4,9,3,2,Average,2,16,No
124,Raj Brown,20,Male,Single,Research & Development,Research Scientist,Bachelor's,Technical Degree,1,0,1,12,Travel_Rarely,46045,INR,18,3,4,2,3,No,5,Job Portal,On-site,5,9,1,0,Excellent,2,23,No
125,Amit Davis,33,Male,Single,Research & Development,Manufacturing Director,High School,Technical Degree,3,2,1,21,Travel_Rarely,167019,INR,14,3,4,2,1,Yes,2,Job Portal,On-site,3,7,0,2,Excellent,2,21,No
126,Yusuf Smith,39,Male,Married,Finance,Financial Analyst,Bachelor's,Other,1,0,4,17,Travel_Frequently,34706,INR,14,3,2,4,2,No,5,Consultancy,On-site,2,4,0,0,Average,1,19,Yes
127,Priya Brown,41,Female,Divorced,Marketing,Marketing Executive,Bachelor's,Medical,0,0,2,20,Travel_Rarely,22969,INR,16,3,3,3,2,No,4,LinkedIn,On-site,2,3,0,0,Good,2,5,No
128,Priya Rodriguez,37,Male,Single,Human Resources,HR Recruiter,Master's,Human Resources,0,0,1,1,Travel_Rarely,20619,INR,21,3,4,4,2,No,5,Referral,On-site,4,6,0,0,Good,1,6,No
129,Aisha Anderson,23,Male,Single,Finance,Financial Analyst,Bachelor's,Medical,2,1,3,28,Travel_Frequently,36933,INR,22,3,3,1,3,No,2,Referral,Hybrid,3,5,0,0,Average,1,12,No
130,John Johnson,26,Male,Divorced,Sales,Sales Executive,Bachelor's,Technical Degree,1,0,1,3,Travel_Frequently,23550,INR,18,3,4,1,3,Yes,0,Referral,On-site,5,9,1,0,Excellent,1,9,No
131,Carlos Patel,38,Male,Single,Sales,Sales Representative,Bachelor's,Human Resources,5,1,2,9,Non-Travel,21218,INR,16,3,1,4,4,No,0,Job Portal,Hybrid,4,5,2,2,Good,0,8,No
132,David Gupta,56,Male,Divorced,Sales,Sales Representative,Bachelor's,Marketing,8,5,0,28,Travel_Frequently,23392,INR,21,3,3,4,2,No,3,Referral,Hybrid,8,8,3,3,Average,2,3,No
133,Aisha Patel,23,Male,Married,Marketing,Marketing Manager,High School,Human Resources,3,2,2,5,Travel_Frequently,83931,INR,16,4,4,4,4,No,1,LinkedIn,Hybrid,2,9,3,2,Good,1,23,No
134,Neha Garcia,39,Female,Married,Research & Development,Laboratory Technician,Master's,Technical Degree,2,1,0,14,Travel_Rarely,19275,INR,23,3,4,2,3,No,0,Referral,Hybrid,5,6,0,0,Average,2,12,No
135,Chen Ali,52,Female,Single,Research & Development,Research Scientist,Master's,Medical,15,7,0,5,Travel_Rarely,103647,INR,15,3,3,2,3,Yes,5,LinkedIn,On-site,12,8,0,5,Excellent,2,19,No
136,Amit Khan,47,Female,Married,Finance,Financial Analyst,Bachelor's,Technical Degree,5,2,1,21,Travel_Frequently,42802,INR,19,3,3,3,2,No,2,Referral,Remote,9,6,2,2,Good,1,17,No
137,Anjali Davis,37,Female,Married,Finance,Accountant,Bachelor's,Technical Degree,1,0,3,14,Travel_Rarely,22489,INR,11,3,4,2,1,Yes,0,Referral,On-site,3,4,1,0,Good,0,8,Yes
138,Kevin Nair,33,Female,Single,Sales,Sales Manager,PhD,Human Resources,0,0,2,2,Travel_Rarely,68545,INR,22,3,2,2,1,No,2,Referral,Remote,2,4,0,1,Good,0,12,Yes
139,Maria Rodriguez,47,Male,Married,IT,IT Support,High School,Other,5,4,1,13,Non-Travel,24532,INR,22,3,3,3,3,Yes,3,LinkedIn,On-site,8,5,0,1,Good,3,9,No
140,Sara Martin,29,Male,Married,Human Resources,HR Executive,High School,Life Sciences,0,0,0,22,Travel_Rarely,19458,INR,15,3,3,4,3,No,5,Consultancy,On-site,4,8,0,0,Average,2,17,No
141,John Johnson,37,Male,Divorced,Research & Development,Research Scientist,Bachelor's,Medical,4,3,1,6,Travel_Rarely,57698,INR,13,3,4,4,3,No,1,Referral,On-site,8,5,0,2,Average,1,5,No
142,Maria Lee,39,Female,Married,IT,System Administrator,High School,Marketing,7,6,3,18,Travel_Rarely,41403,INR,23,3,4,3,2,No,1,LinkedIn,Remote,4,5,0,3,Average,0,4,No
143,Robert Kim,39,Female,Single,IT,Software Engineer,Master's,Human Resources,7,3,3,18,Non-Travel,89218,INR,19,3,3,4,3,Yes,0,Job Portal,Hybrid,7,5,4,2,Excellent,0,20,No
144,Tom Wilson,34,Female,Married,Human Resources,HR Recruiter,Master's,Life Sciences,7,6,2,22,Travel_Rarely,27804,INR,13,3,4,4,2,No,0,Consultancy,Hybrid,10,7,0,2,Excellent,1,19,No
145,Emma Kumar,55,Male,Married,Sales,Sales Manager,Bachelor's,Medical,1,0,2,16,Travel_Rarely,60950,INR,13,3,2,4,4,No,4,LinkedIn,Hybrid,3,7,0,1,Good,1,24,No
146,Raj Nair,52,Male,Divorced,IT,IT Support,High School,Marketing,3,1,1,17,Travel_Rarely,20588,INR,23,3,1,1,2,No,1,Job Portal,On-site,4,6,0,2,Average,0,12,No
147,Priya Singh,35,Female,Divorced,IT,IT Support,High School,Human Resources,2,1,0,28,Travel_Rarely,18790,INR,11,3,2,3,2,No,5,Referral,On-site,3,5,0,0,Excellent,0,10,No
148,Priya Khan,54,Female,Married,Marketing,Content Strategist,High School,Medical,4,1,2,25,Travel_Frequently,36342,INR,20,3,3,3,1,No,4,Campus Hiring,Hybrid,5,6,4,2,Good,2,14,No
149,Sofia Anderson,26,Male,Single,Sales,Sales Representative,Master's,Other,7,5,1,19,Travel_Rarely,26495,INR,22,3,4,2,3,Yes,3,Consultancy,Remote,8,15,0,3,Good,2,12,No
150,James Anderson,20,Female,Divorced,Research & Development,R&D Manager,PhD,Human Resources,2,0,3,18,Travel_Frequently,138953,INR,11,3,3,3,1,No,3,Job Portal,Hybrid,4,5,1,1,Good,2,19,No
151,Lucy Patel,22,Male,Single,Sales,Sales Manager,High School,Life Sciences,4,1,5,4,Travel_Frequently,76507,INR,20,3,1,3,1,No,1,Consultancy,Remote,7,6,0,2,Needs Improvement,0,15,No
152,Nia Gupta,29,Female,Single,IT,Software Engineer,PhD,Marketing,0,0,3,13,Travel_Rarely,40890,INR,12,3,3,4,3,Yes,3,LinkedIn,Remote,7,5,0,0,Good,1,9,No
153,Wei Lee,40,Male,Single,IT,System Administrator,Bachelor's,Other,7,3,6,5,Travel_Frequently,43942,INR,19,4,4,4,3,Yes,3,Job Portal,Remote,5,8,0,3,Average,5,19,No
154,Wei Clark,33,Male,Divorced,IT,IT Support,Bachelor's,Other,3,1,1,15,Travel_Frequently,22244,INR,12,3,3,4,2,Yes,3,LinkedIn,On-site,6,6,2,2,Average,3,18,No
155,Ben Kumar,36,Male,Single,Finance,Accountant,Master's,Medical,1,0,2,25,Travel_Rarely,25492,INR,22,3,1,3,4,Yes,2,Consultancy,Remote,3,10,1,0,Excellent,2,16,Yes
156,Emma Gupta,48,Female,Single,IT,Software Engineer,Bachelor's,Human Resources,1,0,0,23,Travel_Rarely,42786,INR,17,3,3,1,1,No,4,Referral,On-site,8,5,1,0,Good,0,14,Yes
157,Anjali Gupta,53,Female,Married,Marketing,Marketing Executive,Bachelor's,Life Sciences,8,7,2,10,Travel_Rarely,33080,INR,15,3,1,4,2,No,1,Job Portal,Hybrid,8,8,2,2,Excellent,3,5,No
158,Ahmed Kim,20,Male,Single,Sales,Sales Manager,Master's,Medical,0,0,1,25,Travel_Frequently,63935,INR,12,3,2,1,3,No,0,Campus Hiring,On-site,4,8,0,1,Average,1,13,No
159,Priya Patel,41,Male,Married,Research & Development,Research Scientist,Master's,Other,4,3,3,10,Travel_Frequently,60647,INR,17,3,2,3,4,No,3,LinkedIn,Hybrid,4,1,2,1,Good,2,21,No
160,Sofia Sharma,20,Male,Single,IT,Software Engineer,High School,Other,2,1,2,29,Travel_Frequently,44656,INR,14,3,2,4,3,Yes,1,Walk-in,Hybrid,6,3,1,0,Good,2,3,No
161,Grace Davis,56,Male,Single,Sales,Sales Representative,Bachelor's,Medical,5,2,1,21,Travel_Frequently,21939,INR,23,3,3,2,3,No,3,Campus Hiring,Remote,6,5,0,2,Excellent,0,12,No
162,Linda Johnson,50,Male,Married,Research & Development,Research Scientist,Master's,Life Sciences,0,0,0,21,Travel_Rarely,44879,INR,19,3,1,3,4,No,5,Consultancy,Remote,3,7,0,0,Excellent,1,22,No
163,Lucy Davis,44,Male,Single,Marketing,Marketing Executive,Bachelor's,Medical,0,0,3,29,Travel_Rarely,21543,INR,21,3,4,3,3,Yes,0,Job Portal,On-site,5,6,0,1,Excellent,0,12,No
164,Robert Sharma,43,Female,Single,Research & Development,Manufacturing Director,High School,Other,3,2,4,13,Travel_Frequently,166653,INR,18,3,3,3,2,Yes,3,Campus Hiring,On-site,5,7,3,2,Excellent,0,22,No
165,James Clark,35,Female,Married,Finance,Finance Manager,Master's,Medical,0,0,1,13,Travel_Rarely,88732,INR,12,3,3,4,4,No,3,Walk-in,On-site,5,7,0,1,Needs Improvement,1,16,No
166,Amit Patel,31,Female,Single,Marketing,Marketing Executive,Bachelor's,Technical Degree,9,4,1,6,Travel_Rarely,33402,INR,18,3,2,3,4,No,1,Referral,On-site,7,7,3,3,Average,1,17,No
167,John Davis,29,Female,Married,Sales,Sales Representative,Bachelor's,Medical,1,0,3,27,Travel_Frequently,18007,INR,19,3,3,1,3,No,3,LinkedIn,Hybrid,6,4,1,1,Excellent,0,10,No
168,Ahmed Davis,28,Female,Married,Finance,Financial Analyst,Bachelor's,Other,1,0,5,16,Travel_Frequently,33399,INR,13,3,2,4,3,Yes,3,Walk-in,On-site,3,4,1,0,Average,1,11,Yes
169,Grace Lee,32,Male,Married,Marketing,Marketing Executive,Master's,Medical,0,0,3,7,Travel_Frequently,22829,INR,20,3,4,4,2,Yes,2,Consultancy,Hybrid,4,5,0,1,Good,3,24,No
170,Maria Johnson,28,Male,Single,IT,Software Engineer,PhD,Life Sciences,3,2,0,3,Travel_Rarely,68199,INR,18,4,3,1,3,No,3,LinkedIn,Hybrid,6,6,0,1,Average,2,15,No
171,Fatima Garcia,36,Male,Single,Marketing,Marketing Manager,Bachelor's,Human Resources,12,8,2,4,Travel_Rarely,126905,INR,19,3,4,4,4,Yes,4,Consultancy,On-site,8,6,0,5,Excellent,2,7,No
172,Robert Martin,22,Male,Married,IT,System Administrator,Bachelor's,Other,4,3,1,28,Travel_Rarely,37581,INR,12,3,1,4,2,No,3,Campus Hiring,On-site,6,7,4,2,Good,4,13,No
173,Lucy Ali,20,Female,Married,Sales,Sales Representative,High School,Marketing,2,0,0,14,Travel_Rarely,16497,INR,20,3,4,3,1,No,0,Referral,Hybrid,4,5,0,1,Average,2,11,No
174,Anjali Brown,27,Male,Single,Sales,Sales Representative,Master's,Technical Degree,1,0,0,18,Travel_Frequently,19825,INR,11,3,3,1,4,Yes,5,LinkedIn,Hybrid,3,7,0,1,Average,1,13,No
175,Sofia Smith,35,Male,Married,Marketing,Marketing Manager,Bachelor's,Life Sciences,14,7,0,21,Travel_Rarely,135273,INR,15,3,4,4,4,Yes,1,Campus Hiring,On-site,11,5,0,5,Good,2,15,No
176,John Rodriguez,53,Female,Married,Research & Development,Laboratory Technician,Bachelor's,Medical,0,0,1,1,Travel_Frequently,14429,INR,24,3,2,1,2,No,5,Job Portal,On-site,5,3,0,0,Average,2,19,No
177,Ben Khan,26,Male,Married,Sales,Sales Representative,Master's,Technical Degree,6,2,2,4,Travel_Rarely,23703,INR,20,3,1,4,2,Yes,0,Job Portal,Hybrid,9,8,6,3,Good,2,15,Yes
178,James Lee,54,Female,Married,Finance,Finance Manager,Master's,Life Sciences,0,0,2,6,Travel_Rarely,88466,INR,23,3,3,2,3,No,4,Consultancy,Remote,5,9,0,0,Good,1,3,No
179,Ravi Smith,41,Female,Married,Sales,Sales Executive,Bachelor's,Technical Degree,0,0,3,1,Travel_Rarely,22297,INR,11,3,4,3,2,No,0,Walk-in,Hybrid,4,4,0,1,Good,2,20,No
180,Mary Nair,35,Female,Married,Research & Development,R&D Manager,Bachelor's,Human Resources,1,0,1,1,Travel_Rarely,109695,INR,17,3,3,4,4,Yes,5,Consultancy,Hybrid,4,9,1,0,Excellent,0,7,No
181,Fatima Lee,31,Male,Single,IT,Data Analyst,Master's,Marketing,12,10,5,21,Travel_Rarely,94401,INR,16,3,1,3,1,No,2,Referral,Hybrid,9,3,1,5,Needs Improvement,1,20,No
182,Aisha Khan,46,Male,Married,Human Resources,HR Recruiter,Master's,Human Resources,1,0,1,2,Travel_Rarely,21005,INR,14,3,1,2,1,No,2,Referral,Hybrid,5,6,0,1,Good,3,15,Yes
183,Chen Smith,36,Female,Married,Research & Development,R&D Manager,Bachelor's,Human Resources,1,0,1,18,Travel_Rarely,112939,INR,13,4,3,2,3,No,3,Referral,On-site,4,2,0,0,Good,1,7,No
184,Neha Garcia,42,Female,Single,Sales,Sales Representative,Bachelor's,Human Resources,0,0,1,28,Travel_Frequently,15224,INR,21,3,3,4,2,No,0,Job Portal,Hybrid,4,5,0,1,Average,0,11,No
185,Lucy Sharma,22,Female,Married,Finance,Finance Manager,Bachelor's,Human Resources,4,1,3,18,Travel_Rarely,98689,INR,17,3,3,3,3,No,4,Referral,On-site,6,4,4,1,Average,1,3,No
186,James Lee,31,Female,Divorced,Research & Development,Manufacturing Director,Bachelor's,Technical Degree,1,0,3,23,Travel_Rarely,159033,INR,22,3,3,4,2,No,2,Job Portal,Hybrid,4,8,1,1,Average,0,3,No
187,Chen Patel,27,Female,Married,Sales,Sales Representative,Bachelor's,Medical,8,5,2,11,Travel_Rarely,23101,INR,24,3,2,4,3,Yes,1,Referral,On-site,5,2,7,3,Good,2,13,No
188,Neha Gupta,49,Female,Single,IT,System Administrator,Bachelor's,Other,5,1,0,16,Travel_Rarely,38136,INR,11,3,3,3,3,No,1,Walk-in,On-site,7,6,0,2,Average,1,13,No
189,Amit Ali,30,Male,Married,IT,IT Support,Bachelor's,Human Resources,2,1,1,13,Non-Travel,19624,INR,13,3,3,1,3,Yes,3,Consultancy,On-site,3,6,2,0,Average,2,6,No
190,Lucy Nair,36,Female,Married,Sales,Sales Representative,High School,Marketing,8,3,0,16,Travel_Rarely,24366,INR,23,3,4,4,2,Yes,5,Walk-in,Remote,8,7,1,3,Good,2,11,No
191,Priya Sharma,27,Male,Married,IT,Software Engineer,Bachelor's,Marketing,6,3,2,25,Travel_Rarely,76118,INR,14,3,2,4,1,No,3,Job Portal,On-site,7,6,3,2,Average,2,23,No
192,Aisha Ali,25,Male,Divorced,Sales,Sales Representative,Master's,Marketing,7,6,0,17,Travel_Rarely,26569,INR,15,3,1,4,2,Yes,0,Campus Hiring,On-site,7,4,0,3,Good,2,4,Yes
193,Linda Smith,39,Female,Married,IT,IT Support,Bachelor's,Medical,7,5,3,23,Travel_Rarely,28482,INR,14,3,3,2,3,Yes,4,LinkedIn,Hybrid,10,3,1,3,Good,1,18,No
194,Ben Nair,20,Female,Single,Human Resources,HR Manager,Master's,Life Sciences,2,0,3,13,Travel_Rarely,78926,INR,16,3,3,4,3,Yes,1,Referral,Hybrid,5,5,1,1,Good,3,19,No
195,Lucy Davis,34,Female,Married,Research & Development,Manufacturing Director,Bachelor's,Technical Degree,5,4,2,8,Travel_Rarely,195665,INR,17,3,1,2,3,No,0,Referral,On-site,5,5,5,1,Good,1,3,No
196,Raj Anderson,36,Female,Divorced,Sales,Sales Representative,Master's,Human Resources,3,2,1,12,Travel_Rarely,21711,INR,20,3,2,2,3,Yes,0,Job Portal,Hybrid,5,7,1,2,Average,2,5,No
197,Ben Davis,45,Male,Married,Finance,Accountant,PhD,Life Sciences,1,0,0,21,Non-Travel,27237,INR,20,3,3,3,3,No,5,Walk-in,Hybrid,1,4,1,1,Good,2,15,No
198,Yusuf Gupta,33,Female,Single,Finance,Financial Analyst,Master's,Technical Degree,9,6,1,5,Travel_Rarely,65171,INR,17,3,3,2,2,No,5,LinkedIn,Hybrid,6,8,0,4,Average,0,23,No
199,Emma Gupta,35,Female,Single,Sales,Sales Executive,Bachelor's,Other,3,2,4,10,Travel_Rarely,25577,INR,17,3,4,1,3,No,1,Referral,Remote,4,4,0,2,Average,4,21,No
200,Wei Ali,46,Male,Married,Sales,Sales Manager,Master's,Marketing,1,0,2,2,Travel_Rarely,72523,INR,22,3,3,4,3,Yes,3,Referral,Remote,10,2,0,0,Excellent,1,14,No
201,Robert Khan,32,Male,Married,Research & Development,Manufacturing Director,Master's,Human Resources,0,0,1,28,Travel_Rarely,174619,INR,11,3,4,1,2,No,3,Referral,Hybrid,3,6,0,0,Average,5,3,No
202,Ahmed Kumar,42,Female,Married,Sales,Sales Executive,Master's,Life Sciences,1,0,2,14,Travel_Frequently,25017,INR,12,3,1,4,3,No,5,Consultancy,On-site,5,4,1,0,Average,1,23,Yes
203,Amit Ali,29,Male,Married,Sales,Sales Executive,Bachelor's,Medical,0,0,2,27,Travel_Rarely,22400,INR,18,4,1,2,3,No,2,Job Portal,On-site,3,5,0,0,Good,1,16,No
204,Raj Brown,20,Female,Single,Finance,Accountant,Bachelor's,Human Resources,2,1,2,24,Travel_Rarely,22581,INR,23,3,3,3,3,No,1,Referral,Remote,8,5,2,1,Average,1,20,No
205,Aisha Anderson,32,Female,Married,IT,Software Engineer,Master's,Marketing,4,3,0,3,Travel_Rarely,72855,INR,11,3,3,4,3,No,5,Referral,Hybrid,5,10,2,2,Average,2,21,No
206,Ahmed Wilson,38,Male,Single,Research & Development,Laboratory Technician,High School,Human Resources,14,9,2,11,Travel_Rarely,27279,INR,14,3,3,3,3,Yes,3,Campus Hiring,Remote,10,5,5,4,Good,2,20,No
207,Aisha Johnson,35,Male,Married,Finance,Accountant,High School,Medical,0,0,2,17,Travel_Rarely,18628,INR,22,3,3,3,3,No,1,Referral,Hybrid,8,5,0,1,Good,4,14,No
208,Sofia Johnson,25,Female,Married,IT,Software Engineer,Master's,Human Resources,7,5,1,12,Travel_Rarely,90802,INR,22,3,2,4,3,No,0,Referral,On-site,7,4,0,3,Average,0,19,No
209,Sara Gupta,25,Male,Married,Sales,Sales Manager,Master's,Other,7,3,2,15,Non-Travel,96139,INR,15,3,2,2,2,No,3,Consultancy,On-site,7,8,0,3,Good,1,22,No
210,Grace Anderson,30,Male,Single,Research & Development,Research Scientist,Master's,Technical Degree,4,3,1,12,Non-Travel,60291,INR,12,3,2,3,4,No,0,LinkedIn,Hybrid,5,5,0,2,Excellent,1,20,No
211,Aisha Martin,25,Female,Married,Marketing,Content Strategist,Master's,Life Sciences,0,0,0,2,Travel_Rarely,29637,INR,20,3,3,1,4,No,0,Referral,On-site,3,5,0,0,Good,3,20,No
212,John Brown,26,Male,Divorced,Sales,Sales Manager,Bachelor's,Medical,8,7,3,13,Travel_Frequently,92204,INR,19,3,1,2,4,No,3,Referral,Remote,7,4,0,3,Needs Improvement,3,10,No
213,Nia Kim,47,Male,Single,Finance,Financial Analyst,Bachelor's,Life Sciences,3,2,0,5,Travel_Rarely,39432,INR,19,3,4,3,2,Yes,5,Referral,Remote,6,8,1,1,Average,0,24,No
214,Sofia Ali,36,Male,Married,Finance,Accountant,Master's,Marketing,7,6,1,26,Travel_Frequently,36048,INR,17,3,3,2,1,No,0,Job Portal,On-site,7,7,1,3,Excellent,3,7,No
215,Linda Johnson,43,Male,Married,Sales,Sales Executive,Bachelor's,Life Sciences,7,6,3,27,Non-Travel,33795,INR,16,3,1,4,2,No,3,Job Portal,On-site,9,5,0,3,Good,2,23,No
216,Raj Brown,40,Male,Single,Human Resources,HR Manager,Master's,Marketing,1,0,3,14,Travel_Frequently,74925,INR,18,3,3,3,3,Yes,4,Walk-in,On-site,5,9,1,0,Average,1,24,Yes
217,Raj Gupta,34,Female,Married,Human Resources,HR Recruiter,Master's,Other,0,0,1,24,Travel_Rarely,20822,INR,23,3,2,4,4,No,2,Job Portal,On-site,4,12,0,0,Average,1,20,No
218,Amit Johnson,26,Male,Single,Marketing,Marketing Manager,PhD,Medical,2,1,2,6,Travel_Rarely,95167,INR,20,3,3,3,3,Yes,0,Consultancy,Hybrid,7,3,0,0,Average,3,5,No
219,David Kumar,32,Female,Single,Research & Development,Manufacturing Director,Bachelor's,Marketing,8,7,0,9,Travel_Frequently,253196,INR,22,3,2,4,3,Yes,5,Referral,Remote,9,3,2,2,Good,3,12,No
220,Raj Singh,32,Male,Divorced,Human Resources,HR Executive,Master's,Marketing,2,0,0,12,Travel_Rarely,23452,INR,14,4,3,4,3,Yes,2,LinkedIn,Hybrid,7,3,0,0,Average,3,22,No
221,Amit Gupta,20,Male,Single,Research & Development,Manufacturing Director,Master's,Marketing,1,0,2,5,Travel_Frequently,168450,INR,18,3,2,3,1,Yes,4,Walk-in,Remote,9,4,0,0,Good,3,4,Yes
222,Olga Martin,29,Male,Married,IT,Software Engineer,Bachelor's,Human Resources,11,7,3,11,Travel_Rarely,108638,INR,21,4,3,3,2,No,5,Consultancy,On-site,9,8,0,3,Average,3,10,No
223,Chen Singh,45,Male,Married,Finance,Financial Analyst,Bachelor's,Other,0,0,1,17,Travel_Rarely,28449,INR,12,3,4,4,3,No,1,Referral,On-site,4,8,0,0,Good,1,24,No
224,Wei Gupta,26,Male,Married,Research & Development,Laboratory Technician,Bachelor's,Marketing,0,0,0,27,Travel_Frequently,14272,INR,11,3,2,3,2,No,0,Referral,Hybrid,6,9,0,0,Good,2,24,No
225,Priya Smith,49,Male,Single,IT,Data Analyst,PhD,Human Resources,0,0,3,9,Travel_Rarely,35373,INR,23,3,3,4,3,No,1,LinkedIn,Hybrid,5,5,0,0,Average,1,17,No
226,Amit Rodriguez,28,Female,Single,IT,System Administrator,Master's,Marketing,1,0,2,15,Non-Travel,29879,INR,16,3,3,3,2,Yes,5,Consultancy,Remote,3,2,1,1,Excellent,2,12,Yes
227,Robert Nair,20,Male,Single,IT,Data Analyst,Bachelor's,Marketing,2,0,2,26,Travel_Rarely,40677,INR,23,3,2,1,3,No,0,LinkedIn,On-site,3,6,0,1,Average,1,12,No
228,Robert Gupta,42,Female,Married,IT,Software Engineer,Master's,Life Sciences,6,1,3,21,Travel_Rarely,88478,INR,17,3,1,3,3,No,0,Job Portal,On-site,7,6,1,3,Excellent,0,13,No
229,Yusuf Gupta,49,Male,Married,Research & Development,Research Scientist,Bachelor's,Life Sciences,1,0,3,18,Non-Travel,46139,INR,12,4,4,4,3,Yes,4,Consultancy,On-site,8,9,1,1,Average,3,3,No
230,Chen Nair,36,Male,Married,Sales,Sales Representative,Master's,Medical,5,4,2,21,Travel_Rarely,22169,INR,16,3,1,3,3,No,2,LinkedIn,On-site,5,3,0,2,Excellent,2,17,No
231,Anjali Martin,30,Female,Married,Research & Development,Laboratory Technician,Bachelor's,Other,3,1,1,3,Travel_Frequently,17351,INR,14,3,4,3,2,Yes,0,Referral,Remote,4,6,2,2,Good,1,8,No
232,Aisha Lee,33,Female,Married,Sales,Sales Manager,Bachelor's,Other,5,1,2,19,Travel_Rarely,78663,INR,22,3,4,4,3,No,4,Job Portal,On-site,6,3,2,1,Needs Improvement,1,8,No
233,John Kim,40,Male,Married,IT,IT Support,Bachelor's,Marketing,3,2,2,7,Travel_Rarely,21716,INR,20,3,1,1,3,No,0,Job Portal,On-site,7,9,0,2,Excellent,0,12,No
234,Linda Khan,30,Male,Single,Finance,Finance Manager,Bachelor's,Technical Degree,6,4,1,15,Travel_Rarely,115919,INR,12,3,3,3,1,Yes,3,Referral,Remote,10,7,1,2,Needs Improvement,2,8,No
235,Mary Garcia,42,Female,Married,Research & Development,Research Scientist,Master's,Life Sciences,12,5,2,5,Travel_Rarely,89182,INR,12,3,3,3,4,No,5,LinkedIn,Remote,10,6,2,4,Good,3,14,No
236,Chen Clark,36,Male,Single,Human Resources,HR Executive,PhD,Life Sciences,2,0,0,16,Travel_Rarely,27700,INR,24,3,4,2,2,Yes,1,Job Portal,Hybrid,5,4,0,0,Average,1,18,No
237,Sofia Ali,34,Male,Married,IT,Software Engineer,Master's,Medical,3,1,2,15,Travel_Frequently,63250,INR,17,3,2,3,3,No,1,Job Portal,On-site,8,6,3,2,Good,1,16,No
238,Aisha Khan,28,Male,Divorced,Sales,Sales Manager,Bachelor's,Human Resources,10,9,1,17,Travel_Frequently,105049,INR,14,3,4,4,4,No,5,Campus Hiring,Remote,9,1,0,4,Average,3,18,No
239,Yusuf Khan,23,Male,Divorced,Marketing,Content Strategist,Bachelor's,Marketing,5,2,3,13,Travel_Frequently,41661,INR,11,3,3,4,3,Yes,2,Walk-in,Remote,6,8,0,2,Average,4,16,No
240,Raj Martin,39,Male,Married,Research & Development,Manufacturing Director,Bachelor's,Marketing,4,2,2,15,Travel_Frequently,197965,INR,24,3,1,1,3,No,3,Consultancy,On-site,5,6,2,2,Good,1,17,No
241,John Khan,43,Female,Married,Research & Development,Laboratory Technician,Master's,Human Resources,5,3,0,27,Travel_Frequently,22953,INR,24,3,4,3,3,No,0,Job Portal,Hybrid,5,9,0,1,Good,0,10,No
242,David Nair,25,Male,Single,Research & Development,R&D Manager,Bachelor's,Life Sciences,4,2,2,3,Travel_Rarely,130708,INR,11,3,4,3,1,Yes,4,Referral,Hybrid,8,7,0,2,Excellent,4,20,No
243,Anjali Ali,40,Male,Married,Research & Development,Manufacturing Director,PhD,Marketing,4,3,1,15,Non-Travel,236379,INR,23,4,4,3,2,No,1,Walk-in,Hybrid,7,6,0,1,Good,0,14,No
244,Wei Gupta,32,Male,Married,Research & Development,Manufacturing Director,PhD,Technical Degree,0,0,1,27,Travel_Frequently,177902,INR,22,3,2,4,2,Yes,0,Campus Hiring,Remote,2,6,0,0,Excellent,1,23,Yes
245,Ravi Sharma,50,Female,Single,Research & Development,R&D Manager,PhD,Human Resources,0,0,0,20,Travel_Rarely,117358,INR,22,3,4,4,3,Yes,5,LinkedIn,On-site,1,1,0,0,Good,3,10,No
246,Aisha Anderson,33,Male,Single,Research & Development,Laboratory Technician,High School,Life Sciences,1,0,2,22,Travel_Frequently,15769,INR,19,3,4,4,3,Yes,1,Consultancy,Remote,9,2,0,1,Excellent,2,8,No
247,Yusuf Singh,38,Female,Married,IT,System Administrator,Master's,Marketing,2,1,2,1,Travel_Rarely,35250,INR,16,3,3,4,3,Yes,4,Referral,Remote,4,6,1,1,Excellent,3,3,No
248,Robert Kumar,28,Male,Married,Marketing,Marketing Executive,Bachelor's,Medical,4,2,1,18,Travel_Rarely,28268,INR,23,3,2,2,3,No,3,LinkedIn,Hybrid,7,6,0,1,Good,0,18,No
249,Anjali Anderson,44,Male,Single,Marketing,Content Strategist,Master's,Life Sciences,15,13,3,22,Travel_Rarely,67138,INR,19,3,3,3,1,Yes,5,Referral,On-site,9,10,1,5,Excellent,1,12,Yes
250,Tom Gupta,27,Male,Married,Finance,Financial Analyst,Bachelor's,Technical Degree,4,1,2,16,Non-Travel,39656,INR,11,3,1,3,1,No,4,Referral,On-site,7,7,3,1,Good,0,23,No
251,Emma Kim,43,Female,Married,Finance,Accountant,High School,Other,16,11,2,17,Non-Travel,43798,INR,19,4,3,4,4,Yes,4,Job Portal,On-site,10,4,0,5,Good,0,11,No
252,Sara Sharma,43,Male,Married,Research & Development,Manufacturing Director,Master's,Medical,2,1,3,27,Travel_Rarely,197311,INR,11,3,4,1,3,No,3,Walk-in,On-site,7,4,2,0,Good,3,16,No
253,Emma Anderson,33,Female,Married,Finance,Financial Analyst,Bachelor's,Technical Degree,12,11,1,24,Travel_Rarely,62909,INR,18,4,4,4,4,No,3,Campus Hiring,On-site,12,9,6,4,Good,3,17,No
254,Grace Singh,40,Female,Single,Research & Development,Laboratory Technician,Master's,Medical,6,3,2,21,Travel_Rarely,22860,INR,17,4,2,2,2,Yes,3,Referral,On-site,8,5,6,3,Average,1,16,Yes
255,Linda Kim,34,Male,Married,Research & Development,Laboratory Technician,Master's,Other,5,2,1,17,Non-Travel,23050,INR,18,3,2,2,1,Yes,5,Walk-in,Hybrid,5,9,0,2,Average,0,10,Yes
256,Sofia Kumar,35,Male,Married,Sales,Sales Manager,Master's,Life Sciences,1,0,2,22,Travel_Rarely,69283,INR,13,3,4,1,3,No,4,Job Portal,On-site,5,7,1,0,Average,1,16,No
257,Sara Sharma,27,Female,Married,Sales,Sales Manager,Bachelor's,Human Resources,2,1,2,1,Travel_Rarely,68095,INR,16,3,4,3,3,Yes,2,Job Portal,Hybrid,8,4,2,1,Good,1,8,No
258,Emma Rodriguez,47,Male,Single,Research & Development,Laboratory Technician,High School,Human Resources,0,0,2,14,Travel_Rarely,14081,INR,20,3,3,1,2,No,1,Job Portal,Remote,2,6,0,1,Good,0,20,No
259,Priya Smith,44,Male,Divorced,Sales,Sales Executive,Master's,Life Sciences,1,0,1,2,Travel_Frequently,27229,INR,13,3,3,3,2,No,2,Walk-in,On-site,4,2,0,0,Average,3,6,No
260,Grace Clark,39,Female,Single,Research & Development,R&D Manager,Master's,Human Resources,8,4,2,11,Travel_Rarely,170879,INR,22,3,2,4,3,No,3,Referral,Remote,7,5,4,3,Excellent,2,20,No
261,Sara Davis,32,Female,Married,Marketing,Marketing Manager,Bachelor's,Marketing,1,0,3,28,Travel_Rarely,77632,INR,12,3,3,3,3,No,1,Referral,On-site,3,8,1,1,Excellent,0,7,No
262,Kevin Wilson,37,Female,Married,Finance,Finance Manager,Master's,Technical Degree,13,10,2,7,Travel_Rarely,157128,INR,20,3,2,3,2,No,5,Job Portal,Hybrid,15,7,0,4,Excellent,1,15,No
263,Priya Smith,40,Male,Married,Marketing,Marketing Manager,PhD,Medical,2,1,0,29,Travel_Rarely,93902,INR,18,3,4,3,4,Yes,1,Consultancy,On-site,6,2,1,0,Good,3,17,No
264,David Nair,56,Male,Married,Research & Development,R&D Manager,Master's,Human Resources,2,1,2,12,Travel_Rarely,131725,INR,13,3,3,4,4,Yes,5,Consultancy,Hybrid,1,3,0,0,Average,0,5,No
265,Sara Smith,44,Female,Divorced,IT,System Administrator,Bachelor's,Technical Degree,10,9,3,12,Travel_Rarely,49836,INR,13,3,1,4,3,No,3,Campus Hiring,On-site,9,7,2,4,Good,0,9,No
266,Tom Singh,24,Male,Divorced,Finance,Finance Manager,Bachelor's,Human Resources,6,2,2,29,Non-Travel,111980,INR,16,3,1,2,3,Yes,0,Campus Hiring,Remote,7,9,2,3,Good,0,10,Yes
267,Tom Ali,50,Female,Single,Sales,Sales Representative,Bachelor's,Medical,7,6,0,13,Travel_Frequently,23290,INR,18,3,1,3,2,No,1,LinkedIn,On-site,6,10,0,2,Good,0,7,No
268,Kevin Patel,40,Male,Single,Research & Development,Manufacturing Director,Master's,Other,2,1,1,5,Travel_Rarely,200480,INR,21,3,4,3,3,No,5,LinkedIn,On-site,7,4,0,0,Average,1,5,No
269,Priya Johnson,28,Female,Single,IT,Data Analyst,High School,Medical,2,1,2,20,Travel_Rarely,37750,INR,17,3,3,4,3,No,1,Campus Hiring,Hybrid,8,5,2,1,Average,1,7,No
270,Aisha Wilson,28,Male,Married,Sales,Sales Representative,Bachelor's,Marketing,8,3,2,14,Non-Travel,24727,INR,18,3,3,4,4,No,3,LinkedIn,Remote,8,1,2,3,Excellent,0,9,No
271,Olga Singh,35,Male,Single,IT,Data Analyst,Bachelor's,Marketing,4,1,1,15,Non-Travel,47775,INR,20,3,3,4,3,No,4,LinkedIn,On-site,3,8,4,2,Average,1,5,No
272,Lucy Singh,32,Male,Married,Research & Development,Research Scientist,High School,Medical,4,1,2,27,Travel_Frequently,49562,INR,14,3,4,4,1,No,0,Job Portal,Hybrid,7,3,2,1,Excellent,4,24,No
273,Sofia Brown,32,Female,Divorced,Finance,Finance Manager,Bachelor's,Marketing,2,1,1,25,Travel_Rarely,90910,INR,14,4,1,3,3,No,0,LinkedIn,Remote,7,7,1,0,Good,1,5,No
274,Lucy Martin,29,Male,Married,IT,IT Support,Master's,Human Resources,2,1,2,29,Travel_Rarely,22456,INR,24,3,4,4,3,No,5,Consultancy,Hybrid,3,8,2,1,Good,0,3,No
275,Tom Kumar,52,Female,Single,Research & Development,Laboratory Technician,High School,Human Resources,11,7,3,19,Travel_Frequently,25619,INR,22,3,3,3,4,No,0,Walk-in,Hybrid,9,4,0,3,Good,0,14,No
276,Anjali Patel,40,Female,Single,Sales,Sales Manager,Bachelor's,Life Sciences,11,4,3,7,Non-Travel,111355,INR,20,4,4,3,3,No,4,Job Portal,Remote,10,9,0,3,Average,3,24,No
277,James Patel,37,Male,Single,Finance,Accountant,High School,Medical,1,0,2,13,Travel_Rarely,19720,INR,18,4,3,3,3,No,4,Walk-in,On-site,3,3,1,0,Needs Improvement,2,19,No
278,Mary Patel,25,Female,Divorced,Marketing,Marketing Executive,Bachelor's,Human Resources,7,3,3,26,Travel_Rarely,30719,INR,19,3,4,3,3,Yes,2,LinkedIn,On-site,7,5,3,3,Average,0,21,No
279,Mary Johnson,36,Male,Married,Marketing,Content Strategist,PhD,Medical,2,1,0,15,Travel_Rarely,37896,INR,12,4,1,4,3,Yes,0,Job Portal,Hybrid,4,4,0,0,Average,0,23,Yes
280,Chen Khan,40,Male,Divorced,IT,Data Analyst,Master's,Medical,1,0,1,25,Travel_Rarely,39964,INR,11,3,2,4,1,No,0,Campus Hiring,Hybrid,5,10,1,1,Good,2,18,Yes
281,Carlos Patel,25,Male,Married,Sales,Sales Representative,Master's,Technical Degree,7,4,3,5,Travel_Frequently,27337,INR,17,3,3,4,1,No,4,LinkedIn,Remote,6,4,0,3,Average,0,23,No
282,Olga Ali,45,Male,Married,IT,System Administrator,Master's,Other,8,4,2,16,Travel_Rarely,48166,INR,20,3,3,4,4,No,4,Referral,On-site,10,8,0,3,Good,3,3,No
283,Mary Anderson,48,Female,Married,Finance,Finance Manager,Bachelor's,Human Resources,13,11,3,12,Travel_Frequently,144256,INR,23,3,1,4,4,No,0,LinkedIn,On-site,12,7,0,5,Needs Improvement,1,18,No
284,Neha Lee,48,Female,Single,Human Resources,HR Manager,Master's,Technical Degree,1,0,0,29,Travel_Rarely,73159,INR,11,3,4,3,3,No,4,Campus Hiring,On-site,2,6,1,0,Good,1,16,No
285,Sara Brown,31,Male,Single,IT,Data Analyst,Master's,Medical,1,0,3,5,Travel_Frequently,36668,INR,20,3,4,4,3,No,0,Consultancy,Hybrid,2,5,1,1,Excellent,3,9,No
286,John Smith,44,Male,Married,Sales,Sales Manager,High School,Technical Degree,6,2,0,7,Travel_Rarely,79861,INR,20,4,3,4,4,No,1,Job Portal,On-site,5,7,1,2,Good,1,14,No
287,Priya Garcia,35,Female,Single,Research & Development,Manufacturing Director,Master's,Medical,7,2,4,21,Travel_Rarely,240405,INR,18,3,4,4,3,No,2,Job Portal,On-site,5,6,1,2,Needs Improvement,2,20,No
288,Amit Wilson,34,Female,Single,Research & Development,Research Scientist,Bachelor's,Life Sciences,8,2,0,18,Travel_Rarely,68838,INR,15,3,2,2,2,No,1,Walk-in,Hybrid,9,5,2,2,Average,1,12,No
289,Chen Smith,46,Female,Married,Research & Development,Manufacturing Director,Bachelor's,Human Resources,3,1,2,19,Travel_Rarely,190527,INR,16,3,2,1,2,No,5,Job Portal,On-site,6,8,0,2,Excellent,1,24,No
290,Priya Nair,33,Male,Married,Research & Development,Manufacturing Director,Bachelor's,Human Resources,6,4,1,16,Travel_Frequently,227925,INR,24,3,4,2,3,No,0,Job Portal,On-site,9,9,0,2,Average,0,15,No
291,Carlos Brown,24,Female,Married,Marketing,Content Strategist,Bachelor's,Marketing,2,1,1,24,Travel_Rarely,31863,INR,24,3,3,1,3,No,3,Job Portal,Remote,3,6,2,0,Excellent,2,9,No
292,Lucy Brown,29,Female,Married,Sales,Sales Manager,Master's,Human Resources,1,0,4,1,Travel_Rarely,67716,INR,14,3,1,2,4,No,5,Consultancy,Hybrid,5,7,0,0,Average,3,17,No
293,Linda Lee,41,Male,Married,Research & Development,Laboratory Technician,Bachelor's,Other,22,20,2,27,Travel_Rarely,28261,INR,16,3,3,3,3,Yes,2,Consultancy,Remote,13,6,0,5,Average,2,9,No
294,Sara Davis,35,Male,Married,IT,IT Support,Master's,Human Resources,3,2,1,1,Travel_Rarely,22934,INR,19,4,4,2,3,No,3,Referral,Hybrid,4,6,1,1,Good,0,22,No
295,Priya Anderson,32,Male,Single,IT,Software Engineer,Bachelor's,Life Sciences,14,6,5,1,Travel_Rarely,134597,INR,11,3,2,3,3,No,2,Referral,On-site,14,4,8,4,Needs Improvement,1,8,No
296,Neha Brown,37,Male,Married,Finance,Financial Analyst,Bachelor's,Other,0,0,0,24,Travel_Rarely,29345,INR,22,3,2,2,4,No,4,Referral,Hybrid,5,5,0,0,Needs Improvement,4,24,No
297,Robert Lee,55,Female,Married,Research & Development,Manufacturing Director,Master's,Human Resources,2,0,1,9,Travel_Rarely,180550,INR,12,3,3,1,3,Yes,5,LinkedIn,Hybrid,5,9,1,1,Good,3,23,No
298,Nia Ali,45,Male,Divorced,Research & Development,Manufacturing Director,Bachelor's,Medical,0,0,2,23,Travel_Rarely,151650,INR,17,3,3,2,2,No,1,LinkedIn,On-site,4,7,0,0,Good,0,21,No
299,Chen Ali,44,Male,Married,Sales,Sales Manager,Master's,Marketing,2,1,3,2,Travel_Rarely,79933,INR,16,3,4,4,2,Yes,4,Job Portal,On-site,6,9,0,1,Good,3,5,No
300,Maria Brown,23,Male,Married,Research & Development,R&D Manager,Bachelor's,Marketing,5,2,1,1,Travel_Frequently,144001,INR,22,4,3,1,2,Yes,0,Consultancy,On-site,6,3,1,2,Good,0,9,No
301,Robert Martin,51,Female,Single,IT,Software Engineer,PhD,Life Sciences,1,0,2,21,Travel_Rarely,49100,INR,11,4,4,4,4,No,3,Walk-in,On-site,4,8,1,0,Good,2,15,No
302,Nia Wilson,27,Female,Married,Research & Development,Research Scientist,Bachelor's,Other,4,3,4,15,Travel_Rarely,56870,INR,20,3,4,1,4,Yes,5,Referral,Hybrid,5,4,2,1,Excellent,2,14,No
303,Priya Smith,51,Male,Single,Marketing,Marketing Executive,Bachelor's,Medical,4,3,5,11,Travel_Rarely,25711,INR,17,3,3,2,4,Yes,5,Referral,Hybrid,11,6,0,1,Average,1,8,No
304,Maria Lee,36,Male,Married,Research & Development,Research Scientist,Bachelor's,Human Resources,5,4,1,23,Travel_Rarely,58632,INR,11,3,4,3,3,Yes,0,Job Portal,On-site,6,7,1,1,Good,1,19,No
305,Sofia Sharma,37,Female,Married,Research & Development,Manufacturing Director,Bachelor's,Marketing,1,0,2,23,Travel_Rarely,167009,INR,14,3,3,2,3,No,3,Campus Hiring,Remote,8,7,1,0,Average,1,24,No
306,David Brown,34,Male,Married,Marketing,Marketing Executive,Bachelor's,Technical Degree,4,3,3,29,Travel_Rarely,28836,INR,15,3,4,3,2,No,1,Referral,On-site,8,6,4,1,Average,0,11,No
307,Yusuf Kim,37,Male,Married,Finance,Financial Analyst,Master's,Technical Degree,2,1,2,12,Travel_Rarely,39752,INR,16,3,4,2,3,No,3,Referral,On-site,5,4,2,0,Average,0,8,No
308,Emma Johnson,37,Female,Divorced,Sales,Sales Executive,Master's,Human Resources,0,0,2,27,Travel_Rarely,23096,INR,11,4,3,4,1,Yes,4,LinkedIn,On-site,6,3,0,0,Good,1,24,Yes
309,Nia Gupta,42,Female,Single,Research & Development,Laboratory Technician,High School,Technical Degree,8,3,2,10,Travel_Rarely,20627,INR,14,3,1,4,1,No,1,Walk-in,Hybrid,9,9,0,2,Excellent,0,4,No
310,Ahmed Patel,33,Male,Single,Sales,Sales Manager,Bachelor's,Other,5,3,3,9,Non-Travel,84744,INR,24,3,3,3,2,No,1,Consultancy,Hybrid,4,4,0,2,Needs Improvement,1,8,No
311,Emma Martin,37,Female,Divorced,Human Resources,HR Executive,PhD,Medical,5,4,2,15,Travel_Frequently,31140,INR,24,3,1,3,4,No,0,Consultancy,Remote,5,6,1,1,Good,2,3,No
312,Lucy Patel,20,Male,Married,Sales,Sales Representative,Bachelor's,Medical,2,1,2,9,Travel_Rarely,19028,INR,11,3,2,4,3,No,4,Job Portal,On-site,4,5,0,1,Good,0,18,No
313,Ben Lee,30,Male,Single,IT,IT Support,High School,Other,1,0,3,10,Travel_Rarely,18464,INR,23,3,4,1,3,No,2,Job Portal,Hybrid,6,5,1,0,Good,4,7,No
314,Mary Anderson,44,Male,Married,Research & Development,Research Scientist,Bachelor's,Life Sciences,4,3,1,15,Travel_Frequently,55815,INR,19,3,3,1,3,Yes,0,LinkedIn,On-site,9,4,2,2,Average,1,14,No
315,Fatima Johnson,33,Male,Married,Marketing,Marketing Executive,Bachelor's,Human Resources,0,0,3,22,Travel_Rarely,22976,INR,16,3,1,3,1,Yes,5,Campus Hiring,Hybrid,2,7,0,1,Average,0,8,Yes
316,Ben Gupta,36,Male,Married,IT,Software Engineer,Bachelor's,Technical Degree,0,0,5,14,Travel_Rarely,35639,INR,18,4,4,3,1,No,5,Job Portal,Hybrid,6,6,0,0,Good,2,12,No
317,Olga Martin,42,Female,Single,Sales,Sales Manager,Bachelor's,Human Resources,1,0,4,8,Non-Travel,63768,INR,18,3,4,3,3,No,0,Consultancy,On-site,2,5,1,1,Average,0,15,No
318,Raj Johnson,24,Female,Married,IT,System Administrator,Master's,Human Resources,0,0,5,26,Travel_Rarely,26126,INR,12,3,1,3,3,No,3,Referral,On-site,2,3,0,1,Good,1,6,No
319,Raj Rodriguez,52,Female,Married,Research & Development,Laboratory Technician,Master's,Marketing,7,5,1,21,Travel_Rarely,24857,INR,21,4,4,4,4,Yes,1,Campus Hiring,On-site,6,9,3,2,Good,0,10,No
320,Carlos Rodriguez,41,Female,Single,Finance,Financial Analyst,Bachelor's,Medical,11,4,2,7,Travel_Rarely,60068,INR,14,3,3,1,1,No,4,Job Portal,Hybrid,7,4,0,4,Good,0,16,No
321,Mary Martin,27,Male,Single,IT,System Administrator,Bachelor's,Marketing,2,1,2,19,Travel_Frequently,29985,INR,16,3,3,4,2,No,2,Consultancy,Hybrid,8,6,0,1,Average,1,6,No
322,Neha Smith,37,Male,Married,Research & Development,R&D Manager,PhD,Life Sciences,19,8,2,28,Travel_Frequently,256482,INR,20,3,4,1,4,Yes,2,Walk-in,On-site,14,4,0,5,Good,3,22,No
323,James Brown,42,Male,Married,Marketing,Marketing Manager,Master's,Technical Degree,24,13,5,27,Non-Travel,152249,INR,19,3,1,2,2,No,5,Referral,Hybrid,14,8,0,5,Good,2,14,No
324,Neha Davis,49,Male,Single,Finance,Financial Analyst,Bachelor's,Life Sciences,4,2,2,10,Travel_Frequently,43979,INR,18,3,2,2,3,No,3,LinkedIn,On-site,5,7,4,1,Good,2,18,No
325,Ravi Clark,29,Female,Married,Research & Development,Manufacturing Director,Master's,Medical,1,0,2,12,Travel_Rarely,168734,INR,11,3,3,2,3,Yes,2,Walk-in,Hybrid,5,4,1,0,Good,2,17,No
326,Lucy Clark,43,Female,Married,Marketing,Marketing Executive,Bachelor's,Other,1,0,2,2,Travel_Rarely,24132,INR,23,3,2,3,2,No,2,Campus Hiring,On-site,6,8,1,1,Average,4,14,No
327,Nia Lee,32,Male,Single,IT,System Administrator,Master's,Other,14,4,0,18,Non-Travel,68525,INR,23,3,4,2,3,Yes,4,Campus Hiring,On-site,11,5,0,5,Good,1,7,No
328,Neha Sharma,28,Female,Divorced,Marketing,Marketing Executive,Bachelor's,Technical Degree,10,8,5,25,Travel_Rarely,37308,INR,22,3,2,3,2,Yes,1,Job Portal,On-site,9,6,1,3,Excellent,0,6,No
329,Ahmed Brown,60,Female,Married,Research & Development,Research Scientist,Bachelor's,Marketing,0,0,2,19,Travel_Rarely,41090,INR,15,3,3,3,2,Yes,2,Walk-in,On-site,4,9,0,0,Average,1,22,Yes
330,James Sharma,43,Male,Married,Research & Development,Laboratory Technician,Bachelor's,Marketing,5,4,1,12,Travel_Rarely,19894,INR,19,3,4,4,4,Yes,3,Job Portal,On-site,6,6,4,2,Good,0,19,No
331,Kevin Khan,29,Male,Single,Research & Development,Research Scientist,PhD,Other,4,2,2,17,Travel_Rarely,67525,INR,24,3,4,1,4,No,2,LinkedIn,Remote,4,4,1,1,Average,1,3,No
332,Yusuf Davis,46,Male,Married,Finance,Financial Analyst,Master's,Marketing,3,1,4,21,Travel_Rarely,43689,INR,16,3,3,2,3,No,3,Job Portal,On-site,1,4,3,1,Average,1,3,No
333,Sara Brown,33,Male,Married,Sales,Sales Manager,High School,Medical,12,7,2,10,Travel_Rarely,104571,INR,16,4,4,4,4,No,1,LinkedIn,On-site,7,5,1,4,Good,0,5,No
334,Tom Lee,34,Male,Single,Human Resources,HR Manager,Master's,Medical,7,3,2,25,Travel_Rarely,96135,INR,23,3,4,4,2,No,5,Referral,Hybrid,8,12,1,3,Average,1,19,No
335,Chen Patel,26,Female,Married,IT,System Administrator,Bachelor's,Life Sciences,6,2,2,15,Travel_Frequently,39416,INR,15,4,3,3,4,No,2,Campus Hiring,Remote,8,6,1,2,Excellent,1,13,No
336,Nia Gupta,22,Male,Married,Marketing,Marketing Manager,High School,Marketing,4,1,1,15,Non-Travel,84171,INR,16,3,3,3,3,No,5,LinkedIn,On-site,8,4,0,2,Good,5,22,No
337,Wei Kumar,41,Male,Divorced,Sales,Sales Representative,PhD,Life Sciences,0,0,4,16,Non-Travel,19247,INR,15,3,2,1,3,No,5,Campus Hiring,On-site,2,4,0,1,Good,3,19,No
338,Ben Clark,38,Female,Single,Human Resources,HR Manager,Master's,Technical Degree,13,4,0,27,Travel_Frequently,140040,INR,16,4,4,3,2,No,3,LinkedIn,Hybrid,15,8,6,5,Good,1,15,No
339,Lucy Ali,20,Female,Married,IT,IT Support,Bachelor's,Human Resources,1,0,2,19,Travel_Rarely,18431,INR,21,3,4,2,2,No,4,Referral,On-site,2,9,1,0,Average,1,17,No
340,John Gupta,40,Male,Married,Sales,Sales Representative,High School,Medical,6,2,1,3,Travel_Rarely,20466,INR,23,3,2,2,2,Yes,3,Job Portal,Hybrid,4,7,4,2,Good,1,20,Yes
341,Aisha Nair,44,Female,Divorced,Sales,Sales Manager,Master's,Other,11,4,6,6,Travel_Rarely,127541,INR,12,3,2,3,1,No,4,Consultancy,Hybrid,10,11,6,3,Good,0,12,No
342,Nia Clark,34,Female,Married,Finance,Financial Analyst,Master's,Other,8,5,0,22,Travel_Rarely,61265,INR,23,3,4,1,4,Yes,3,Job Portal,On-site,6,4,2,2,Average,4,11,No
343,Chen Khan,29,Male,Married,Sales,Sales Manager,Master's,Technical Degree,0,0,1,6,Travel_Rarely,68840,INR,24,3,2,3,3,No,3,Referral,Hybrid,7,5,0,1,Excellent,2,20,No
344,Amit Wilson,38,Female,Married,Marketing,Marketing Executive,Bachelor's,Human Resources,5,1,3,22,Travel_Rarely,29716,INR,15,3,2,1,3,Yes,3,Consultancy,Hybrid,4,7,3,2,Average,1,5,No
345,Ahmed Ali,45,Male,Married,Research & Development,Research Scientist,PhD,Marketing,0,0,1,17,Travel_Rarely,47970,INR,13,4,4,1,3,No,3,LinkedIn,On-site,5,6,0,0,Average,1,8,No
346,Anjali Johnson,35,Male,Single,Research & Development,Manufacturing Director,Bachelor's,Other,0,0,2,3,Travel_Rarely,149974,INR,17,3,1,4,1,No,0,LinkedIn,Hybrid,6,3,0,0,Good,1,13,Yes
347,Wei Gupta,30,Female,Single,IT,Software Engineer,Bachelor's,Human Resources,12,10,5,25,Travel_Rarely,126010,INR,13,3,4,1,2,No,5,LinkedIn,Hybrid,12,8,2,4,Good,0,17,No
348,Neha Anderson,46,Male,Single,Sales,Sales Executive,Bachelor's,Human Resources,1,0,0,18,Travel_Rarely,22878,INR,13,3,4,3,4,No,5,Referral,On-site,3,7,0,0,Good,2,6,No
349,Ben Khan,41,Male,Single,Human Resources,HR Recruiter,Master's,Medical,0,0,1,10,Travel_Rarely,20420,INR,21,3,4,2,3,No,4,LinkedIn,On-site,2,7,0,1,Average,4,19,No
350,Tom Rodriguez,29,Female,Single,Finance,Accountant,Bachelor's,Human Resources,4,1,1,26,Travel_Rarely,26174,INR,13,4,4,2,2,No,5,Referral,On-site,11,5,3,2,Average,0,17,No
351,Chen Davis,35,Female,Married,IT,Data Analyst,Bachelor's,Human Resources,1,0,6,13,Travel_Rarely,36131,INR,23,4,4,4,3,No,0,Job Portal,Hybrid,4,6,1,0,Excellent,0,15,No
352,Anjali Brown,33,Female,Single,Sales,Sales Manager,Master's,Technical Degree,1,0,2,11,Travel_Rarely,67009,INR,22,3,4,4,4,No,5,Walk-in,Hybrid,6,4,1,1,Average,2,17,No
353,Kevin Kumar,44,Male,Married,Sales,Sales Executive,Bachelor's,Other,4,3,2,5,Travel_Rarely,28775,INR,12,3,4,4,3,No,0,Campus Hiring,Hybrid,4,4,1,1,Excellent,2,11,No
354,Emma Kim,43,Female,Married,Human Resources,HR Executive,Bachelor's,Technical Degree,12,6,0,18,Travel_Rarely,33772,INR,11,3,4,4,3,No,5,Consultancy,On-site,11,5,1,4,Needs Improvement,1,18,No
355,Kevin Khan,60,Male,Divorced,Research & Development,Research Scientist,High School,Other,2,1,1,4,Travel_Frequently,42940,INR,16,4,4,3,3,No,3,Campus Hiring,On-site,10,8,0,1,Average,2,17,No
356,Neha Ali,37,Male,Married,Research & Development,Laboratory Technician,PhD,Marketing,7,5,4,15,Travel_Rarely,26078,INR,16,4,3,1,4,No,3,Consultancy,On-site,11,1,2,2,Average,0,11,No
357,Ravi Sharma,33,Female,Married,IT,System Administrator,Bachelor's,Other,5,4,0,10,Travel_Rarely,40260,INR,17,4,2,1,1,No,2,Referral,Hybrid,6,7,2,2,Good,0,8,No
358,Nia Patel,37,Male,Married,Sales,Sales Executive,High School,Medical,0,0,2,1,Travel_Rarely,19716,INR,17,3,2,2,4,Yes,0,LinkedIn,On-site,3,7,0,1,Needs Improvement,2,17,Yes
359,Priya Martin,39,Male,Married,Sales,Sales Executive,Bachelor's,Technical Degree,7,5,1,17,Non-Travel,31620,INR,22,3,4,1,3,Yes,1,LinkedIn,On-site,11,7,5,3,Average,4,8,No
360,Kevin Khan,32,Female,Married,Human Resources,HR Manager,Bachelor's,Technical Degree,4,1,2,14,Travel_Rarely,78188,INR,12,3,3,4,3,No,0,Job Portal,Hybrid,5,6,0,2,Good,1,5,No
361,Ravi Clark,20,Female,Married,Marketing,Marketing Manager,Master's,Marketing,2,1,2,13,Travel_Rarely,87143,INR,23,3,4,2,3,Yes,2,Referral,Hybrid,4,5,0,1,Needs Improvement,0,21,No
362,Carlos Wilson,41,Female,Divorced,Research & Development,Manufacturing Director,Master's,Marketing,2,1,1,8,Travel_Rarely,201192,INR,12,3,4,4,3,Yes,0,LinkedIn,On-site,7,9,0,0,Good,3,8,No
363,David Anderson,24,Female,Divorced,Human Resources,HR Manager,PhD,Human Resources,0,0,3,11,Travel_Rarely,73280,INR,16,3,4,3,4,No,5,Walk-in,On-site,5,6,0,1,Average,0,3,No
364,Kevin Anderson,48,Male,Married,Research & Development,Manufacturing Director,Master's,Technical Degree,1,0,1,4,Travel_Frequently,187608,INR,12,3,2,4,3,No,0,LinkedIn,On-site,1,3,0,1,Good,1,8,No
365,Neha Anderson,34,Female,Married,IT,Data Analyst,Bachelor's,Medical,0,0,0,15,Travel_Frequently,31235,INR,24,3,4,2,4,Yes,2,Walk-in,Hybrid,5,8,0,0,Average,2,15,No
366,David Khan,42,Female,Single,Sales,Sales Representative,Bachelor's,Other,9,3,3,3,Travel_Rarely,25040,INR,21,3,2,1,3,Yes,2,LinkedIn,On-site,8,5,0,4,Good,2,18,No
367,Sofia Patel,35,Male,Married,Research & Development,Manufacturing Director,Bachelor's,Life Sciences,2,1,1,27,Travel_Rarely,182791,INR,16,3,4,2,2,Yes,4,Walk-in,On-site,8,4,2,1,Good,2,20,No
368,Maria Nair,36,Male,Married,Human Resources,HR Executive,High School,Life Sciences,5,3,1,18,Travel_Rarely,24425,INR,17,3,2,3,3,No,0,Job Portal,Remote,8,5,3,1,Average,0,10,No
369,Grace Sharma,36,Male,Divorced,Research & Development,Laboratory Technician,Bachelor's,Marketing,5,4,0,6,Non-Travel,19432,INR,16,3,3,4,4,Yes,4,LinkedIn,Remote,6,9,1,1,Good,1,6,No
370,Robert Martin,37,Male,Married,Sales,Sales Manager,Bachelor's,Human Resources,4,2,5,13,Travel_Rarely,79147,INR,16,4,3,3,1,Yes,3,Campus Hiring,Hybrid,4,8,3,1,Average,3,8,Yes
371,Sofia Khan,36,Male,Married,Research & Development,Laboratory Technician,Bachelor's,Medical,13,8,3,26,Travel_Rarely,28419,INR,16,3,3,3,4,No,5,Job Portal,On-site,10,7,3,4,Good,1,7,No
372,Wei Wilson,39,Male,Single,Marketing,Marketing Executive,Bachelor's,Life Sciences,2,1,1,8,Travel_Rarely,25028,INR,17,3,3,4,2,No,0,LinkedIn,On-site,2,6,0,1,Needs Improvement,0,5,No
373,Ahmed Martin,33,Male,Married,Research & Development,R&D Manager,Master's,Marketing,1,0,1,24,Travel_Rarely,114680,INR,13,3,4,1,3,No,3,Job Portal,Hybrid,2,10,1,1,Average,2,17,No
374,Kevin Khan,31,Female,Married,Human Resources,HR Executive,Bachelor's,Human Resources,12,9,3,14,Travel_Rarely,32730,INR,18,3,3,3,3,No,0,Job Portal,Remote,15,3,5,4,Average,2,18,No
375,John Garcia,25,Male,Married,Research & Development,R&D Manager,Bachelor's,Technical Degree,2,1,2,27,Travel_Rarely,120329,INR,23,3,3,4,2,Yes,4,Job Portal,On-site,2,4,2,1,Average,2,3,No
376,Chen Anderson,43,Male,Married,Sales,Sales Manager,Bachelor's,Other,1,0,2,23,Non-Travel,66457,INR,20,3,2,4,4,No,0,Walk-in,Hybrid,3,7,1,1,Excellent,0,11,No
377,John Ali,40,Male,Married,Research & Development,R&D Manager,Bachelor's,Life Sciences,3,0,0,6,Travel_Frequently,130059,INR,16,3,4,3,3,No,3,LinkedIn,On-site,5,5,3,1,Average,2,11,No
378,Sara Lee,34,Male,Married,Sales,Sales Representative,Bachelor's,Medical,13,5,1,29,Non-Travel,31418,INR,14,3,3,3,3,Yes,4,Consultancy,On-site,7,5,0,5,Excellent,0,3,No
379,Lucy Patel,31,Female,Married,Marketing,Marketing Executive,Bachelor's,Human Resources,1,0,0,10,Travel_Rarely,24553,INR,23,3,4,1,3,No,0,Job Portal,Hybrid,3,8,1,0,Good,2,24,No
380,Wei Sharma,29,Female,Divorced,Sales,Sales Executive,Master's,Life Sciences,2,1,2,29,Travel_Rarely,27932,INR,15,4,3,4,1,No,2,Consultancy,Remote,5,6,1,0,Good,6,8,No
381,Ravi Kim,47,Male,Divorced,Finance,Accountant,Bachelor's,Other,2,1,3,16,Travel_Frequently,23421,INR,12,3,3,2,3,Yes,2,Campus Hiring,Remote,4,4,2,1,Excellent,0,12,No
382,Neha Lee,47,Female,Single,Research & Development,Research Scientist,High School,Other,1,0,3,12,Non-Travel,40313,INR,16,3,4,3,2,Yes,4,Referral,Hybrid,8,5,1,0,Average,1,12,Yes
383,Tom Nair,23,Male,Married,Sales,Sales Manager,PhD,Life Sciences,1,0,2,20,Travel_Frequently,81381,INR,14,3,3,4,3,No,1,LinkedIn,Remote,3,6,0,1,Average,2,11,No
384,Ben Patel,31,Male,Single,Sales,Sales Representative,Bachelor's,Technical Degree,0,0,1,27,Travel_Rarely,16195,INR,22,3,3,4,3,No,1,Walk-in,Remote,5,8,0,1,Good,0,16,No
385,Fatima Wilson,41,Female,Married,Marketing,Marketing Executive,Bachelor's,Marketing,10,4,0,27,Travel_Rarely,35582,INR,20,3,2,2,3,No,3,LinkedIn,On-site,11,4,5,4,Needs Improvement,3,22,No
386,Wei Lee,38,Male,Married,IT,System Administrator,Master's,Technical Degree,9,3,4,5,Travel_Frequently,56182,INR,23,3,3,3,1,Yes,0,Referral,On-site,12,8,1,4,Good,4,10,Yes
387,Wei Nair,29,Female,Single,IT,Software Engineer,Master's,Technical Degree,1,0,3,17,Non-Travel,43428,INR,19,3,3,2,2,No,4,LinkedIn,On-site,6,5,1,1,Excellent,1,6,No
388,Robert Clark,39,Female,Married,Marketing,Marketing Executive,Bachelor's,Medical,0,0,2,21,Travel_Rarely,23281,INR,17,3,1,3,2,Yes,5,LinkedIn,On-site,3,6,0,0,Good,1,23,Yes
389,Ahmed Kim,21,Male,Married,Research & Development,Manufacturing Director,Bachelor's,Life Sciences,3,1,4,9,Travel_Rarely,173860,INR,14,3,3,3,2,No,5,LinkedIn,Remote,4,7,0,2,Average,2,3,No
390,Linda Kumar,20,Female,Single,Marketing,Marketing Executive,PhD,Life Sciences,2,0,0,18,Non-Travel,29732,INR,11,3,2,4,4,Yes,4,Consultancy,On-site,3,4,0,0,Good,1,17,No
391,Lucy Nair,46,Male,Married,Research & Development,Research Scientist,Master's,Technical Degree,5,2,0,8,Travel_Rarely,64024,INR,22,3,4,4,3,Yes,1,Referral,On-site,7,7,0,1,Good,4,9,No
392,Chen Ali,43,Female,Single,Research & Development,Manufacturing Director,Bachelor's,Other,4,2,1,4,Travel_Rarely,204235,INR,14,3,3,4,3,No,5,Walk-in,Hybrid,6,8,2,1,Good,1,24,No
393,James Martin,46,Male,Single,Marketing,Marketing Manager,Bachelor's,Other,5,4,1,25,Non-Travel,92245,INR,21,3,3,1,4,No,2,Campus Hiring,Remote,3,6,2,1,Excellent,2,12,No
394,Neha Davis,36,Male,Married,Sales,Sales Executive,Master's,Technical Degree,2,1,4,23,Non-Travel,26515,INR,13,3,2,1,1,Yes,5,Job Portal,Hybrid,6,3,0,1,Average,1,21,Yes
395,Linda Clark,60,Male,Single,Sales,Sales Manager,Master's,Technical Degree,4,2,0,12,Non-Travel,85449,INR,14,3,2,4,4,No,3,Job Portal,Remote,4,9,0,1,Excellent,2,4,No
396,Ravi Anderson,30,Female,Married,Human Resources,HR Manager,Bachelor's,Technical Degree,7,4,4,17,Travel_Rarely,96331,INR,14,3,1,4,2,Yes,2,LinkedIn,Hybrid,5,3,4,3,Excellent,1,11,Yes
397,Nia Johnson,33,Female,Married,Research & Development,Research Scientist,PhD,Medical,1,0,4,14,Travel_Rarely,51127,INR,21,3,3,3,4,No,4,Job Portal,On-site,5,6,0,0,Good,1,11,No
398,Olga Nair,37,Female,Married,Finance,Financial Analyst,Bachelor's,Marketing,5,2,3,23,Travel_Rarely,47279,INR,24,3,3,4,3,No,1,Walk-in,Remote,9,5,0,1,Good,3,12,No
399,Robert Martin,36,Female,Married,Sales,Sales Representative,Master's,Technical Degree,2,1,1,9,Travel_Frequently,20381,INR,23,3,4,3,3,No,5,LinkedIn,On-site,5,4,2,0,Average,1,7,No
400,Raj Davis,44,Female,Divorced,Sales,Sales Executive,Master's,Technical Degree,5,3,3,10,Travel_Rarely,34188,INR,11,3,4,4,3,No,2,Referral,On-site,8,7,0,1,Good,1,9,No
401,Fatima Wilson,45,Male,Divorced,IT,Software Engineer,PhD,Other,4,2,0,7,Travel_Rarely,78594,INR,14,3,3,3,3,No,4,LinkedIn,On-site,5,6,1,2,Average,1,5,No
402,Mary Lee,57,Female,Married,IT,Data Analyst,Bachelor's,Life Sciences,19,8,1,12,Travel_Rarely,91174,INR,19,3,1,2,3,Yes,2,Campus Hiring,On-site,12,5,2,5,Good,2,8,Yes
403,Neha Davis,53,Male,Married,Finance,Finance Manager,Bachelor's,Medical,1,0,2,12,Travel_Rarely,81320,INR,12,4,2,3,2,No,2,Referral,On-site,4,5,0,1,Good,3,13,No
404,Mary Kim,35,Male,Married,IT,System Administrator,High School,Technical Degree,13,10,3,10,Travel_Rarely,55264,INR,20,3,3,4,4,No,5,LinkedIn,On-site,12,4,2,4,Good,2,23,No
405,Aisha Wilson,28,Female,Single,Sales,Sales Manager,Bachelor's,Other,2,1,0,9,Travel_Rarely,73410,INR,17,3,2,4,4,Yes,2,Consultancy,On-site,2,2,2,0,Good,0,5,No
406,Fatima Rodriguez,27,Male,Single,IT,System Administrator,High School,Medical,5,3,0,13,Travel_Rarely,36527,INR,15,4,1,4,4,No,1,Job Portal,Hybrid,4,5,0,2,Average,2,13,No
407,Lucy Lee,30,Male,Single,IT,System Administrator,High School,Marketing,12,5,3,29,Travel_Rarely,54562,INR,15,3,3,2,4,No,5,Walk-in,Remote,9,3,6,4,Good,3,24,No
408,Mary Nair,31,Male,Married,Sales,Sales Manager,High School,Human Resources,4,1,1,19,Travel_Frequently,73447,INR,15,3,3,2,1,Yes,4,Job Portal,Hybrid,6,0,4,1,Good,1,21,Yes
409,Aisha Kumar,27,Male,Married,Research & Development,R&D Manager,High School,Human Resources,0,0,3,14,Travel_Rarely,90419,INR,17,3,3,4,3,Yes,5,Campus Hiring,On-site,0,5,0,1,Good,1,9,No
410,Nia Nair,47,Male,Married,Marketing,Content Strategist,High School,Human Resources,0,0,0,15,Non-Travel,27318,INR,12,4,1,3,3,Yes,1,Campus Hiring,Hybrid,3,6,0,0,Average,2,17,Yes
411,Raj Kumar,20,Male,Married,IT,IT Support,Bachelor's,Marketing,1,0,2,1,Travel_Rarely,18687,INR,19,3,1,2,2,No,5,Campus Hiring,Hybrid,8,4,1,1,Excellent,3,7,Yes
412,Aisha Kim,40,Male,Married,Human Resources,HR Recruiter,Bachelor's,Life Sciences,2,1,0,7,Travel_Frequently,20542,INR,12,3,4,3,2,No,1,LinkedIn,Hybrid,4,3,2,0,Good,2,11,No
413,Sofia Smith,38,Female,Single,Human Resources,HR Manager,Master's,Marketing,1,0,2,6,Travel_Rarely,74702,INR,20,3,1,1,2,Yes,4,Walk-in,On-site,4,3,1,1,Good,3,21,Yes
414,Lucy Gupta,32,Female,Single,Research & Development,Manufacturing Director,Master's,Technical Degree,2,1,2,16,Travel_Frequently,195708,INR,21,3,3,3,1,Yes,0,LinkedIn,On-site,3,9,0,1,Excellent,1,21,No
415,Linda Smith,42,Female,Married,Marketing,Marketing Manager,Bachelor's,Other,15,9,3,19,Travel_Rarely,136953,INR,14,3,3,1,1,No,1,Consultancy,On-site,9,5,0,5,Needs Improvement,0,12,No
416,Robert Anderson,32,Male,Married,Research & Development,R&D Manager,Bachelor's,Technical Degree,2,1,3,21,Travel_Rarely,122908,INR,12,3,3,4,4,No,3,Job Portal,Hybrid,5,6,2,1,Needs Improvement,1,22,No
417,Tom Anderson,24,Male,Married,IT,Data Analyst,High School,Other,2,1,2,26,Non-Travel,38740,INR,12,3,4,2,3,No,3,Walk-in,Remote,9,7,0,1,Average,2,12,No
418,Lucy Sharma,20,Female,Divorced,Human Resources,HR Recruiter,Bachelor's,Technical Degree,2,1,0,23,Travel_Rarely,20532,INR,13,3,4,1,1,Yes,5,Walk-in,Remote,8,5,2,1,Average,1,19,No
419,Wei Wilson,35,Male,Married,Sales,Sales Representative,Bachelor's,Technical Degree,2,1,2,3,Non-Travel,17966,INR,24,3,3,4,2,No,4,Job Portal,Hybrid,8,2,1,1,Good,1,16,No
420,Tom Smith,33,Male,Married,Sales,Sales Representative,High School,Technical Degree,8,3,1,16,Non-Travel,22571,INR,20,4,1,3,1,Yes,2,Referral,Remote,10,9,0,2,Good,1,9,Yes
421,Chen Rodriguez,29,Male,Single,Research & Development,R&D Manager,Master's,Other,11,8,1,26,Travel_Frequently,207186,INR,14,3,4,3,4,No,5,Referral,Hybrid,9,6,2,3,Good,2,14,No
422,Amit Lee,44,Male,Married,Research & Development,Manufacturing Director,Master's,Life Sciences,6,4,4,23,Travel_Rarely,226918,INR,19,3,4,2,2,No,3,LinkedIn,On-site,7,11,1,3,Good,3,20,No
423,David Davis,37,Male,Married,Research & Development,Research Scientist,High School,Human Resources,4,1,2,12,Non-Travel,51261,INR,16,3,2,2,3,No,2,Job Portal,On-site,6,7,1,2,Average,1,15,No
424,Ben Rodriguez,28,Male,Single,IT,System Administrator,High School,Life Sciences,2,1,1,4,Travel_Rarely,27122,INR,20,4,3,2,3,Yes,4,Job Portal,Remote,2,5,1,0,Good,0,16,No
425,Amit Sharma,46,Female,Divorced,Sales,Sales Executive,Bachelor's,Marketing,0,0,2,12,Travel_Rarely,20798,INR,19,3,1,1,1,Yes,4,LinkedIn,On-site,5,9,0,1,Average,4,24,Yes
426,Kevin Clark,20,Male,Married,Research & Development,Manufacturing Director,Master's,Medical,2,1,1,26,Non-Travel,184818,INR,18,3,4,2,4,Yes,0,LinkedIn,On-site,3,5,0,1,Average,4,7,No
427,Priya Brown,38,Female,Single,Sales,Sales Manager,PhD,Life Sciences,8,6,2,4,Travel_Rarely,122746,INR,15,3,4,2,1,No,0,LinkedIn,On-site,5,5,0,2,Good,0,20,No
428,Fatima Nair,41,Male,Married,Sales,Sales Manager,Bachelor's,Marketing,1,0,2,27,Non-Travel,66258,INR,12,3,3,4,3,No,1,Campus Hiring,Remote,4,9,1,1,Good,2,9,No
429,Nia Gupta,40,Male,Married,Finance,Accountant,Bachelor's,Life Sciences,15,9,5,11,Travel_Frequently,45471,INR,24,4,1,3,4,No,4,Campus Hiring,On-site,12,13,4,5,Needs Improvement,2,23,No
430,Olga Anderson,43,Female,Divorced,Research & Development,Manufacturing Director,High School,Marketing,2,0,2,1,Travel_Rarely,161135,INR,19,3,1,4,2,Yes,2,Job Portal,Remote,6,9,1,0,Average,1,6,Yes
431,John Gupta,46,Male,Married,IT,Data Analyst,Master's,Marketing,0,0,0,1,Travel_Rarely,34752,INR,24,4,3,3,3,No,0,LinkedIn,On-site,0,5,0,0,Excellent,2,15,No
432,David Smith,39,Female,Divorced,Finance,Financial Analyst,Bachelor's,Technical Degree,1,0,2,13,Travel_Rarely,34510,INR,16,3,4,4,1,No,3,Consultancy,Hybrid,4,7,1,1,Average,3,5,No
433,Olga Kumar,39,Female,Married,Finance,Financial Analyst,Bachelor's,Medical,5,2,1,18,Travel_Rarely,42836,INR,16,3,3,3,1,No,2,Referral,On-site,5,3,4,2,Good,1,9,No
434,Wei Smith,51,Male,Married,IT,Data Analyst,Master's,Marketing,1,0,0,12,Non-Travel,38543,INR,21,3,4,4,3,No,2,LinkedIn,On-site,3,6,0,0,Excellent,1,9,No
435,Mary Kim,29,Male,Single,Marketing,Marketing Executive,High School,Technical Degree,1,0,1,15,Travel_Rarely,21748,INR,18,3,4,1,4,Yes,2,Referral,Remote,5,6,1,1,Good,2,15,No
436,Raj Brown,36,Female,Single,Sales,Sales Executive,Master's,Technical Degree,7,4,2,20,Travel_Rarely,37994,INR,17,3,3,3,3,No,0,Referral,On-site,7,6,1,3,Average,1,15,No
437,Raj Rodriguez,25,Female,Married,Sales,Sales Manager,Bachelor's,Technical Degree,1,0,4,15,Travel_Frequently,62478,INR,16,3,3,1,2,No,2,Consultancy,Hybrid,2,6,0,0,Excellent,0,5,No
438,Lucy Kim,24,Male,Married,Research & Development,Manufacturing Director,Bachelor's,Technical Degree,6,5,3,27,Travel_Frequently,230106,INR,11,3,3,4,2,No,2,LinkedIn,On-site,5,3,2,3,Average,1,4,No
439,Yusuf Gupta,42,Male,Married,Sales,Sales Executive,Bachelor's,Technical Degree,4,3,1,6,Non-Travel,29653,INR,18,3,3,3,2,No,3,Walk-in,Hybrid,4,9,1,1,Needs Improvement,2,20,No
440,Grace Martin,33,Female,Divorced,Research & Development,Research Scientist,Bachelor's,Human Resources,5,3,2,18,Travel_Rarely,55743,INR,18,3,2,4,3,No,0,Referral,Hybrid,7,10,3,1,Good,1,24,No
441,Maria Sharma,47,Male,Single,Sales,Sales Manager,Bachelor's,Marketing,11,5,2,14,Travel_Rarely,117190,INR,16,3,4,1,4,No,2,Consultancy,Hybrid,12,9,0,3,Average,1,11,No
442,Tom Johnson,27,Female,Single,IT,IT Support,High School,Human Resources,6,4,2,27,Travel_Rarely,23918,INR,23,3,4,4,1,Yes,2,Referral,Hybrid,8,9,2,2,Excellent,2,19,No
443,Robert Sharma,33,Female,Single,Sales,Sales Manager,Master's,Medical,3,2,4,14,Travel_Rarely,84636,INR,22,3,3,2,4,No,5,Campus Hiring,Hybrid,8,10,1,1,Average,3,21,No
444,James Martin,40,Female,Married,Human Resources,HR Recruiter,Master's,Human Resources,6,5,0,29,Travel_Rarely,25643,INR,23,4,4,3,1,No,2,Campus Hiring,Remote,8,3,6,2,Average,1,12,No
445,Robert Clark,36,Female,Married,Research & Development,Research Scientist,Master's,Medical,10,6,2,17,Travel_Rarely,84367,INR,14,3,4,1,4,Yes,4,Referral,On-site,11,5,6,3,Average,2,9,No
446,Priya Johnson,22,Female,Married,Finance,Financial Analyst,Master's,Human Resources,4,1,1,24,Travel_Rarely,45278,INR,21,3,4,4,2,No,2,Walk-in,On-site,5,3,2,1,Good,1,12,No
447,David Davis,40,Female,Divorced,Human Resources,HR Recruiter,Bachelor's,Technical Degree,1,0,1,22,Non-Travel,20175,INR,18,3,3,2,3,No,0,Job Portal,Remote,5,14,0,0,Good,1,21,No
448,Neha Rodriguez,46,Female,Married,Marketing,Marketing Manager,Bachelor's,Human Resources,6,2,2,2,Non-Travel,97264,INR,16,3,2,4,3,No,0,LinkedIn,On-site,3,8,0,2,Average,2,4,No
449,Emma Nair,40,Male,Married,Human Resources,HR Recruiter,Master's,Human Resources,14,6,2,25,Non-Travel,37946,INR,11,4,3,4,3,No,4,LinkedIn,Remote,13,2,1,5,Average,0,9,No
450,Grace Smith,44,Female,Divorced,Finance,Accountant,High School,Medical,2,1,2,22,Non-Travel,23136,INR,16,3,2,3,2,No,3,LinkedIn,Hybrid,6,2,0,0,Good,2,5,No
451,Sara Singh,38,Male,Married,Research & Development,Manufacturing Director,Master's,Technical Degree,1,0,2,12,Travel_Rarely,187378,INR,17,3,3,1,4,No,4,Job Portal,Hybrid,3,5,1,1,Average,1,7,No
452,Priya Lee,34,Female,Single,Marketing,Marketing Manager,Bachelor's,Medical,4,3,2,16,Travel_Frequently,89925,INR,13,3,4,4,3,No,4,Job Portal,Remote,3,4,0,1,Needs Improvement,1,7,No
453,Raj Davis,36,Female,Single,Sales,Sales Manager,Bachelor's,Marketing,11,6,0,22,Travel_Frequently,107168,INR,21,3,2,4,3,No,2,LinkedIn,Remote,10,7,5,3,Good,1,6,No
454,Lucy Davis,31,Male,Married,IT,IT Support,Master's,Technical Degree,2,1,1,12,Travel_Rarely,21448,INR,22,3,4,4,3,No,1,Referral,Hybrid,3,9,1,0,Needs Improvement,2,15,No
455,Carlos Smith,37,Male,Married,Finance,Accountant,High School,Life Sciences,4,3,2,15,Travel_Rarely,26633,INR,12,3,2,2,2,Yes,0,Referral,Hybrid,3,6,0,2,Good,2,9,Yes
456,David Khan,40,Male,Divorced,Finance,Accountant,Bachelor's,Technical Degree,0,0,2,22,Travel_Rarely,20556,INR,23,3,3,3,2,No,1,LinkedIn,Remote,2,7,0,0,Good,1,24,No
457,Raj Kumar,31,Male,Single,Human Resources,HR Manager,Master's,Life Sciences,1,0,5,5,Travel_Rarely,75190,INR,17,3,2,4,4,No,5,Walk-in,Remote,6,5,1,0,Good,1,9,No
458,Fatima Smith,35,Male,Single,Marketing,Marketing Executive,Master's,Technical Degree,17,5,1,3,Travel_Rarely,45921,INR,15,3,3,3,2,No,2,Campus Hiring,Hybrid,16,10,0,5,Good,0,16,No
459,Wei Garcia,32,Female,Married,Research & Development,Manufacturing Director,Bachelor's,Medical,2,0,2,6,Travel_Frequently,173619,INR,23,3,1,2,3,No,5,Job Portal,Hybrid,8,4,0,0,Good,1,17,No
460,Aisha Rodriguez,36,Female,Single,IT,System Administrator,Bachelor's,Medical,10,3,1,23,Travel_Rarely,48659,INR,22,3,3,1,3,No,2,Campus Hiring,Hybrid,8,10,2,4,Good,0,14,No
461,Ahmed Clark,48,Male,Married,IT,Data Analyst,Bachelor's,Human Resources,0,0,2,17,Travel_Rarely,28820,INR,24,3,3,3,3,Yes,4,Consultancy,Hybrid,4,6,0,0,Good,2,18,Yes
462,Wei Khan,20,Female,Married,Marketing,Marketing Manager,Bachelor's,Technical Degree,2,1,3,7,Travel_Frequently,77912,INR,22,3,4,4,1,No,1,Walk-in,Hybrid,7,10,0,0,Needs Improvement,0,10,No
463,Grace Johnson,51,Female,Single,Sales,Sales Manager,Bachelor's,Medical,0,0,3,26,Travel_Rarely,63107,INR,18,3,4,4,4,No,5,Campus Hiring,Hybrid,1,9,0,0,Average,1,22,No
464,Nia Kumar,20,Female,Married,Research & Development,Research Scientist,Master's,Other,1,0,1,7,Travel_Rarely,46263,INR,18,3,1,2,2,No,2,Walk-in,On-site,4,3,0,0,Good,0,4,Yes
465,Mary Patel,41,Male,Single,IT,Data Analyst,Master's,Technical Degree,0,0,1,26,Travel_Rarely,31371,INR,24,3,1,4,4,No,5,Walk-in,Hybrid,4,9,0,0,Good,0,23,No
466,Robert Wilson,28,Male,Married,Sales,Sales Manager,Bachelor's,Human Resources,1,0,2,12,Travel_Rarely,64763,INR,22,3,2,4,3,No,5,Job Portal,On-site,2,8,1,1,Good,2,9,No
467,Sara Johnson,31,Female,Married,Human Resources,HR Manager,Master's,Technical Degree,2,1,2,29,Non-Travel,73251,INR,24,3,2,4,2,Yes,0,Referral,Remote,5,5,0,1,Needs Improvement,3,20,No
468,Ahmed Garcia,52,Male,Divorced,IT,IT Support,Master's,Other,4,3,3,18,Travel_Rarely,25535,INR,23,3,1,1,4,No,4,LinkedIn,Remote,5,6,1,1,Average,2,17,No
469,Ben Johnson,30,Male,Single,Sales,Sales Executive,Bachelor's,Life Sciences,1,0,2,12,Travel_Rarely,23112,INR,17,3,3,1,4,No,1,LinkedIn,Hybrid,6,7,1,1,Average,2,7,No
470,Olga Garcia,33,Male,Married,Research & Development,R&D Manager,Master's,Life Sciences,2,1,1,9,Travel_Rarely,135027,INR,18,4,4,2,3,No,2,LinkedIn,Hybrid,1,8,2,1,Good,2,9,No
471,Ravi Davis,46,Male,Married,Research & Development,Manufacturing Director,Bachelor's,Human Resources,4,2,4,16,Travel_Rarely,185591,INR,21,3,4,1,4,No,1,LinkedIn,Remote,6,7,2,2,Good,0,11,No
472,Ahmed Sharma,40,Female,Single,Sales,Sales Representative,Bachelor's,Medical,1,0,0,17,Travel_Rarely,17395,INR,21,3,1,1,3,Yes,4,LinkedIn,On-site,1,7,1,0,Excellent,1,6,Yes
473,Neha Rodriguez,32,Female,Married,Sales,Sales Manager,Bachelor's,Marketing,4,3,3,19,Travel_Rarely,82371,INR,13,3,4,2,3,No,5,LinkedIn,Remote,4,6,0,2,Excellent,4,15,No
474,Aisha Anderson,32,Female,Divorced,IT,IT Support,Master's,Human Resources,1,0,3,3,Travel_Rarely,22208,INR,21,3,4,4,1,Yes,0,LinkedIn,On-site,7,5,0,1,Average,1,24,Yes
475,Raj Patel,27,Male,Single,Research & Development,Manufacturing Director,High School,Other,9,7,3,29,Travel_Rarely,234224,INR,24,4,3,1,3,Yes,1,Campus Hiring,On-site,7,4,3,4,Excellent,2,10,No
476,Amit Patel,42,Male,Married,Sales,Sales Executive,Master's,Technical Degree,6,5,1,27,Travel_Rarely,36020,INR,18,3,4,1,3,Yes,5,Job Portal,On-site,6,8,0,2,Good,1,18,No
477,Raj Wilson,52,Female,Married,Research & Development,Laboratory Technician,Master's,Technical Degree,2,1,3,14,Travel_Rarely,18270,INR,20,3,4,4,4,No,5,Walk-in,Hybrid,6,8,0,1,Needs Improvement,1,7,No
478,Ravi Singh,35,Female,Single,Research & Development,Research Scientist,Bachelor's,Technical Degree,10,9,3,23,Travel_Rarely,77907,INR,17,3,3,4,1,Yes,4,Referral,Hybrid,10,8,0,4,Excellent,2,10,Yes
479,Yusuf Gupta,20,Male,Married,Research & Development,Manufacturing Director,Master's,Human Resources,2,0,3,26,Travel_Rarely,189506,INR,15,3,4,3,2,No,2,Job Portal,Remote,7,5,0,1,Average,2,4,No
480,Anjali Johnson,50,Female,Single,Sales,Sales Manager,Bachelor's,Technical Degree,23,18,3,22,Travel_Rarely,122423,INR,21,4,3,4,3,Yes,1,Job Portal,On-site,16,7,4,5,Good,4,21,No
481,Grace Wilson,42,Female,Married,Research & Development,Laboratory Technician,Bachelor's,Other,0,0,2,16,Travel_Frequently,14827,INR,12,3,2,4,4,Yes,5,Job Portal,Remote,4,4,0,1,Average,2,19,Yes
482,Emma Clark,29,Male,Divorced,Finance,Accountant,Bachelor's,Technical Degree,10,8,1,19,Travel_Rarely,39206,INR,19,3,3,4,2,Yes,3,Job Portal,On-site,11,7,1,3,Excellent,0,12,No
483,Sofia Rodriguez,42,Female,Single,Finance,Financial Analyst,Master's,Human Resources,1,0,1,4,Travel_Rarely,38433,INR,14,3,4,2,3,Yes,5,Job Portal,Hybrid,3,3,0,0,Needs Improvement,2,21,No
484,Yusuf Wilson,22,Female,Single,Sales,Sales Representative,High School,Technical Degree,4,2,3,19,Travel_Rarely,20220,INR,19,3,3,2,3,No,3,Referral,On-site,7,8,0,1,Average,1,14,No
485,Mary Rodriguez,27,Female,Single,Research & Development,Manufacturing Director,Bachelor's,Life Sciences,7,2,1,14,Travel_Frequently,222541,INR,13,3,3,2,3,No,5,LinkedIn,On-site,7,3,0,3,Average,2,13,No
486,Linda Brown,27,Female,Single,Research & Development,Research Scientist,Bachelor's,Technical Degree,6,5,2,28,Travel_Rarely,58789,INR,23,3,4,2,3,No,5,Job Portal,On-site,7,6,1,3,Good,3,16,No
487,Carlos Patel,34,Female,Single,Sales,Sales Manager,Master's,Other,4,2,1,14,Travel_Rarely,88235,INR,11,3,3,4,4,Yes,2,Job Portal,Hybrid,6,5,2,2,Needs Improvement,2,12,No
488,Anjali Davis,37,Male,Married,Research & Development,R&D Manager,Master's,Life Sciences,0,0,3,20,Travel_Rarely,109468,INR,16,3,4,4,2,No,5,Campus Hiring,On-site,4,8,0,1,Average,2,21,No
489,John Anderson,24,Male,Divorced,Research & Development,Laboratory Technician,Master's,Medical,1,0,2,28,Non-Travel,18411,INR,19,3,4,4,1,No,2,Walk-in,Hybrid,5,4,0,1,Average,0,9,No
490,Tom Smith,48,Female,Married,Research & Development,Laboratory Technician,Bachelor's,Other,6,5,1,25,Travel_Rarely,20366,INR,13,4,2,2,2,Yes,5,Job Portal,Hybrid,6,5,0,3,Good,2,14,Yes
491,Robert Ali,26,Male,Married,Human Resources,HR Executive,Master's,Technical Degree,8,2,3,4,Travel_Rarely,31975,INR,21,3,4,4,4,No,2,LinkedIn,On-site,7,7,4,3,Good,1,15,No
492,Priya Smith,39,Male,Married,Human Resources,HR Recruiter,Bachelor's,Technical Degree,1,0,6,28,Non-Travel,18413,INR,20,3,4,1,3,No,4,Referral,On-site,4,7,1,1,Average,2,11,No
493,Anjali Ali,43,Male,Married,Research & Development,Laboratory Technician,Bachelor's,Technical Degree,0,0,3,23,Travel_Frequently,15781,INR,19,4,4,3,3,Yes,1,Job Portal,Hybrid,3,0,0,1,Good,0,7,No
494,Nia Johnson,45,Male,Single,IT,System Administrator,Bachelor's,Medical,3,2,2,4,Travel_Frequently,33351,INR,13,3,1,3,3,No,0,Job Portal,On-site,9,5,1,1,Good,4,4,No
495,Priya Brown,45,Male,Married,Sales,Sales Executive,Master's,Life Sciences,2,0,3,28,Travel_Rarely,28200,INR,22,3,3,4,3,No,1,Walk-in,On-site,2,2,0,0,Average,0,15,No
496,Amit Garcia,35,Male,Divorced,Research & Development,Manufacturing Director,Bachelor's,Life Sciences,2,1,1,25,Travel_Rarely,172822,INR,23,3,3,3,3,No,2,Referral,Hybrid,2,10,2,1,Good,0,7,No
497,Ahmed Kim,42,Female,Divorced,Marketing,Marketing Executive,Master's,Medical,3,2,1,6,Travel_Frequently,27182,INR,21,3,4,4,4,No,3,Consultancy,On-site,7,5,2,1,Good,2,11,No
498,Amit Lee,41,Male,Married,IT,Software Engineer,Bachelor's,Technical Degree,4,3,2,2,Travel_Rarely,60152,INR,20,3,3,3,3,No,3,Referral,Remote,6,10,0,1,Average,2,13,No
499,Raj Brown,43,Male,Married,Sales,Sales Executive,High School,Life Sciences,1,0,2,2,Travel_Rarely,23661,INR,18,3,3,2,4,No,0,LinkedIn,Hybrid,7,7,1,0,Excellent,1,6,No
500,Robert Clark,31,Male,Single,IT,Software Engineer,Master's,Life Sciences,7,3,2,6,Travel_Frequently,97878,INR,17,4,3,1,3,Yes,5,Referral,Hybrid,5,4,0,2,Good,1,7,No
501,Priya Wilson,30,Female,Single,Marketing,Marketing Executive,High School,Other,8,7,2,18,Travel_Rarely,31921,INR,15,4,2,3,3,No,2,Referral,Hybrid,5,11,1,3,Excellent,0,11,No
502,John Kim,28,Male,Single,Sales,Sales Representative,Bachelor's,Human Resources,0,0,3,23,Travel_Rarely,15333,INR,22,3,4,3,4,No,3,Walk-in,On-site,2,2,0,0,Average,2,23,No
503,Emma Brown,34,Male,Single,Finance,Finance Manager,High School,Marketing,2,1,1,11,Non-Travel,85245,INR,19,3,1,3,3,No,3,LinkedIn,Remote,6,5,0,1,Average,2,18,No
504,Mary Brown,34,Male,Married,Research & Development,Laboratory Technician,Bachelor's,Human Resources,2,1,3,9,Non-Travel,16313,INR,24,3,3,3,3,Yes,0,Job Portal,Remote,5,6,2,0,Good,0,7,No
505,Anjali Sharma,30,Male,Married,Marketing,Marketing Manager,Master's,Human Resources,12,9,1,19,Travel_Rarely,134558,INR,13,3,3,2,4,Yes,5,LinkedIn,Hybrid,11,10,3,4,Needs Improvement,2,22,No
506,Tom Gupta,30,Female,Married,IT,System Administrator,Master's,Life Sciences,1,0,4,29,Travel_Rarely,28804,INR,18,3,3,3,3,No,5,Walk-in,Hybrid,4,4,1,0,Average,1,22,No
507,Yusuf Rodriguez,30,Female,Married,Research & Development,Laboratory Technician,Bachelor's,Marketing,1,0,1,9,Travel_Rarely,16526,INR,14,3,3,3,4,Yes,4,LinkedIn,On-site,3,12,0,0,Good,2,3,No
508,Aisha Khan,21,Female,Single,Research & Development,Manufacturing Director,High School,Other,3,1,2,29,Travel_Rarely,176022,INR,24,4,4,3,3,No,2,LinkedIn,On-site,4,8,3,2,Average,1,5,No
509,Maria Anderson,34,Female,Single,IT,Data Analyst,Bachelor's,Human Resources,9,4,5,4,Travel_Rarely,67903,INR,15,3,2,1,2,No,0,Campus Hiring,Remote,11,4,1,3,Good,0,19,No
510,Maria Lee,39,Male,Married,Sales,Sales Representative,Bachelor's,Technical Degree,7,3,1,3,Travel_Rarely,22462,INR,20,3,2,2,2,No,4,Campus Hiring,On-site,10,9,3,2,Needs Improvement,4,19,No
511,Maria Martin,21,Male,Divorced,Research & Development,R&D Manager,Bachelor's,Technical Degree,2,1,1,29,Travel_Frequently,110638,INR,13,3,1,3,3,Yes,5,LinkedIn,Remote,7,10,2,1,Average,8,6,No
512,Emma Sharma,40,Female,Married,Finance,Accountant,Bachelor's,Human Resources,9,7,1,25,Non-Travel,34797,INR,22,3,3,2,4,No,3,Referral,Hybrid,11,5,7,3,Needs Improvement,1,6,No
513,Neha Brown,38,Female,Divorced,Human Resources,HR Recruiter,Bachelor's,Other,1,0,0,16,Travel_Rarely,19707,INR,18,3,4,1,4,No,3,Job Portal,Hybrid,4,5,1,0,Good,1,22,No
514,Ahmed Sharma,30,Male,Married,Sales,Sales Executive,Master's,Other,1,0,4,16,Travel_Rarely,27384,INR,21,3,1,4,4,Yes,3,Campus Hiring,On-site,3,6,1,0,Needs Improvement,2,24,Yes
515,Grace Clark,35,Female,Married,Marketing,Content Strategist,Bachelor's,Technical Degree,1,0,0,7,Travel_Rarely,29512,INR,24,4,4,3,1,No,1,Referral,Hybrid,3,7,1,1,Good,1,6,No
516,Linda Smith,38,Male,Married,Research & Development,Laboratory Technician,Bachelor's,Human Resources,2,1,2,21,Non-Travel,17058,INR,20,4,4,4,3,No,3,Referral,On-site,4,8,0,1,Excellent,2,9,No
517,Olga Nair,25,Male,Single,Research & Development,Research Scientist,Master's,Technical Degree,7,3,0,2,Non-Travel,70464,INR,13,3,4,4,2,No,2,Job Portal,On-site,7,7,1,2,Excellent,1,19,No
518,Aisha Sharma,51,Female,Single,Marketing,Content Strategist,Bachelor's,Other,4,3,0,11,Travel_Rarely,38925,INR,12,3,1,3,2,No,4,Job Portal,On-site,9,7,4,1,Good,1,14,No
519,Wei Ali,20,Male,Married,Sales,Sales Manager,Bachelor's,Marketing,1,0,2,18,Travel_Rarely,64204,INR,17,3,3,4,4,No,4,Consultancy,On-site,4,7,0,1,Average,1,15,No
520,Wei Ali,40,Male,Single,Sales,Sales Executive,Master's,Technical Degree,4,3,5,14,Travel_Rarely,32482,INR,20,3,2,3,3,No,1,Consultancy,Hybrid,11,5,2,1,Good,2,19,No
521,Ravi Sharma,24,Male,Single,Marketing,Marketing Manager,Bachelor's,Other,6,3,1,22,Travel_Rarely,97730,INR,14,3,4,3,3,No,4,Job Portal,On-site,9,5,1,2,Good,3,19,No
522,Sofia Kumar,20,Female,Married,Marketing,Marketing Manager,Bachelor's,Life Sciences,2,1,0,2,Travel_Rarely,81915,INR,20,3,2,4,1,No,0,Job Portal,On-site,6,8,2,0,Needs Improvement,1,5,No
523,Grace Khan,32,Female,Single,Sales,Sales Manager,Bachelor's,Medical,4,2,3,12,Travel_Rarely,81397,INR,11,4,2,3,4,No,2,Referral,Hybrid,4,4,1,2,Needs Improvement,0,4,No
524,Robert Rodriguez,44,Female,Married,Marketing,Marketing Manager,Bachelor's,Technical Degree,0,0,2,17,Travel_Frequently,67753,INR,14,3,3,2,2,No,5,LinkedIn,On-site,4,8,0,0,Needs Improvement,1,5,No
525,James Kim,31,Female,Married,Research & Development,Research Scientist,Bachelor's,Life Sciences,1,0,3,12,Travel_Rarely,45272,INR,13,3,1,4,3,No,4,Consultancy,Hybrid,5,5,0,0,Good,1,17,Yes
526,Chen Kim,60,Male,Married,Sales,Sales Executive,Bachelor's,Medical,1,0,2,29,Travel_Rarely,22510,INR,13,3,3,4,1,Yes,2,Campus Hiring,On-site,6,5,1,0,Average,1,12,Yes
527,Nia Clark,20,Female,Married,Research & Development,Research Scientist,Master's,Technical Degree,2,1,3,11,Travel_Rarely,52186,INR,12,3,1,4,4,No,5,Job Portal,Hybrid,6,13,2,1,Average,1,21,No
528,John Lee,41,Female,Married,Research & Development,Research Scientist,Master's,Marketing,0,0,1,23,Travel_Rarely,43309,INR,22,3,3,4,1,No,0,LinkedIn,Remote,1,5,0,0,Good,2,13,No
529,Chen Davis,28,Female,Divorced,Research & Development,Research Scientist,Bachelor's,Human Resources,5,1,2,20,Travel_Rarely,58975,INR,22,3,1,2,3,Yes,4,Walk-in,Remote,5,9,4,2,Needs Improvement,1,20,No
530,Aisha Nair,20,Female,Married,Finance,Finance Manager,High School,Other,2,1,2,1,Travel_Frequently,82938,INR,20,3,3,4,2,No,4,Job Portal,On-site,2,4,0,0,Excellent,1,22,No
531,Fatima Brown,44,Male,Married,Sales,Sales Executive,Bachelor's,Human Resources,2,0,4,4,Non-Travel,26031,INR,17,3,3,3,3,Yes,3,LinkedIn,Remote,7,8,1,1,Good,6,8,No
532,Emma Kumar,36,Female,Single,Sales,Sales Representative,PhD,Other,16,12,5,13,Travel_Rarely,36379,INR,24,3,4,1,3,No,3,Consultancy,Hybrid,16,5,2,5,Needs Improvement,2,19,No
533,Chen Singh,32,Female,Single,Finance,Finance Manager,Bachelor's,Marketing,1,0,1,19,Non-Travel,86967,INR,14,3,3,3,4,No,2,Job Portal,Remote,8,7,1,0,Excellent,2,7,No
534,Mary Kim,43,Male,Married,Marketing,Marketing Manager,High School,Other,4,2,3,28,Travel_Rarely,83530,INR,22,3,3,4,3,No,2,LinkedIn,On-site,5,5,3,1,Needs Improvement,3,7,No
535,Sara Gupta,39,Female,Single,Research & Development,R&D Manager,Master's,Life Sciences,3,2,1,24,Travel_Rarely,136482,INR,13,4,3,2,3,No,4,Walk-in,On-site,4,3,3,1,Good,1,15,No
536,Robert Sharma,48,Female,Single,Marketing,Marketing Executive,Bachelor's,Human Resources,6,4,5,19,Travel_Rarely,29459,INR,13,3,2,3,2,No,4,Campus Hiring,Hybrid,7,7,2,3,Good,1,7,No
537,Olga Singh,28,Female,Married,Research & Development,Research Scientist,Master's,Medical,7,2,3,13,Travel_Frequently,71459,INR,19,3,3,4,3,No,2,Referral,On-site,7,5,4,2,Good,2,8,No
538,Tom Garcia,20,Male,Married,Research & Development,Research Scientist,High School,Marketing,1,0,0,11,Travel_Rarely,41755,INR,18,3,4,4,4,No,0,LinkedIn,Remote,6,5,1,1,Average,2,13,No
539,James Nair,20,Male,Single,Research & Development,Manufacturing Director,Bachelor's,Human Resources,1,0,2,6,Travel_Rarely,169421,INR,14,3,2,2,2,No,5,LinkedIn,Hybrid,4,4,1,0,Needs Improvement,2,18,No
540,Kevin Smith,49,Male,Married,Finance,Financial Analyst,Bachelor's,Marketing,2,1,0,13,Travel_Frequently,35868,INR,12,3,4,3,3,Yes,0,Job Portal,Hybrid,3,3,1,1,Average,0,21,No
541,Ravi Anderson,46,Female,Single,Research & Development,Research Scientist,Bachelor's,Other,2,0,1,9,Travel_Rarely,49073,INR,11,3,4,2,2,No,1,LinkedIn,On-site,6,11,2,0,Needs Improvement,1,20,No
542,Grace Anderson,40,Female,Divorced,Sales,Sales Executive,High School,Medical,1,0,1,13,Travel_Rarely,22714,INR,13,4,3,2,2,No,5,Campus Hiring,On-site,5,8,1,0,Good,1,12,No
543,John Brown,33,Male,Single,IT,Data Analyst,Bachelor's,Marketing,2,1,2,15,Non-Travel,38051,INR,19,3,4,3,3,Yes,4,LinkedIn,On-site,4,5,0,1,Good,1,23,No
544,Carlos Ali,45,Male,Married,Research & Development,R&D Manager,Bachelor's,Technical Degree,9,5,1,28,Travel_Rarely,179017,INR,17,4,1,1,4,Yes,2,LinkedIn,Remote,7,5,1,4,Good,1,15,No
545,Fatima Anderson,42,Female,Married,IT,System Administrator,Bachelor's,Life Sciences,1,0,1,1,Travel_Rarely,28168,INR,24,3,3,2,3,Yes,0,Referral,On-site,2,5,1,0,Excellent,1,14,Yes
546,Olga Ali,35,Male,Divorced,Research & Development,Research Scientist,Master's,Medical,1,0,1,24,Non-Travel,49756,INR,21,3,2,2,3,No,1,Referral,Hybrid,2,11,1,1,Good,1,4,No
547,John Garcia,32,Female,Single,Research & Development,Laboratory Technician,Bachelor's,Technical Degree,3,1,2,21,Travel_Rarely,18087,INR,13,3,4,4,4,No,3,Walk-in,Remote,5,5,0,2,Excellent,2,21,No
548,Sofia Gupta,37,Female,Married,Research & Development,Laboratory Technician,Master's,Medical,6,5,2,23,Travel_Rarely,23045,INR,14,4,3,2,3,No,4,LinkedIn,On-site,6,7,6,3,Average,1,13,No
549,Kevin Davis,31,Female,Married,Sales,Sales Manager,Bachelor's,Medical,3,1,4,12,Travel_Rarely,73770,INR,20,3,2,2,2,No,1,Job Portal,On-site,7,6,1,2,Excellent,1,19,No
550,Kevin Patel,44,Male,Single,IT,IT Support,Master's,Technical Degree,0,0,2,21,Travel_Rarely,20138,INR,16,3,3,4,3,No,2,Referral,Remote,1,7,0,0,Needs Improvement,1,7,No
551,Carlos Anderson,28,Male,Married,Research & Development,Laboratory Technician,Bachelor's,Medical,10,5,5,26,Travel_Rarely,24235,INR,22,3,1,2,3,No,0,Consultancy,On-site,10,7,0,4,Good,1,21,No
552,Raj Singh,31,Male,Single,Marketing,Content Strategist,Master's,Technical Degree,1,0,2,6,Travel_Rarely,33485,INR,16,3,4,3,2,No,1,Referral,On-site,7,8,1,0,Average,0,15,No
553,Mary Martin,36,Male,Single,Research & Development,Manufacturing Director,Bachelor's,Marketing,2,0,1,6,Travel_Rarely,173870,INR,23,3,4,4,3,Yes,2,Referral,Remote,4,5,2,1,Average,0,14,No
554,Mary Khan,38,Female,Married,Sales,Sales Representative,Bachelor's,Technical Degree,2,1,1,8,Travel_Frequently,18210,INR,15,3,2,3,3,No,4,Campus Hiring,Hybrid,4,9,1,0,Good,2,7,No
555,Anjali Gupta,35,Female,Married,IT,Data Analyst,High School,Marketing,3,2,0,13,Travel_Frequently,42937,INR,23,4,4,4,3,No,0,LinkedIn,Hybrid,4,7,0,1,Excellent,3,20,No
556,Chen Kim,44,Female,Married,IT,Data Analyst,Bachelor's,Human Resources,3,2,6,16,Travel_Rarely,45084,INR,22,3,3,4,4,No,2,LinkedIn,Remote,3,9,3,1,Good,0,6,No
557,Tom Singh,22,Male,Married,IT,Software Engineer,Master's,Marketing,0,0,2,19,Travel_Frequently,37698,INR,11,4,4,2,4,Yes,3,Consultancy,On-site,10,5,0,0,Good,0,12,No
558,David Rodriguez,40,Male,Married,Marketing,Marketing Executive,Master's,Marketing,1,0,3,6,Travel_Rarely,25539,INR,13,4,4,2,3,No,0,Consultancy,On-site,5,5,1,0,Excellent,0,11,No
559,Carlos Kumar,26,Female,Married,Sales,Sales Executive,High School,Technical Degree,6,3,0,5,Travel_Rarely,30159,INR,13,3,3,4,3,Yes,2,Walk-in,Hybrid,5,10,6,3,Average,5,7,No
560,Chen Wilson,27,Female,Married,IT,System Administrator,Bachelor's,Human Resources,3,2,2,16,Travel_Rarely,32514,INR,11,3,1,4,3,No,3,Job Portal,On-site,1,10,3,2,Average,0,12,No
561,Olga Lee,36,Male,Married,Sales,Sales Executive,Bachelor's,Human Resources,4,3,0,12,Travel_Rarely,29727,INR,20,3,4,2,4,No,5,Consultancy,On-site,4,9,2,2,Good,1,22,No
562,Robert Singh,52,Male,Divorced,Sales,Sales Executive,Master's,Marketing,3,2,1,24,Travel_Rarely,30193,INR,15,3,4,3,2,No,5,Walk-in,Remote,6,2,0,2,Good,1,8,No
563,Chen Gupta,30,Male,Married,Sales,Sales Representative,Bachelor's,Medical,5,3,3,13,Non-Travel,21469,INR,15,3,4,4,2,No,2,Job Portal,On-site,7,7,2,1,Excellent,1,8,No
564,Priya Sharma,33,Female,Single,Research & Development,R&D Manager,Bachelor's,Technical Degree,1,0,0,19,Travel_Rarely,111474,INR,15,3,2,4,3,No,2,Consultancy,On-site,2,7,1,0,Excellent,0,5,No
565,Fatima Anderson,21,Male,Single,Sales,Sales Executive,Bachelor's,Medical,3,2,1,18,Travel_Frequently,25057,INR,13,3,3,3,4,Yes,3,LinkedIn,On-site,9,7,2,1,Good,2,16,No
566,Aisha Brown,42,Female,Divorced,Marketing,Marketing Executive,Master's,Human Resources,13,4,0,13,Travel_Rarely,42285,INR,24,3,3,3,3,No,2,Referral,On-site,7,5,2,5,Good,0,9,No
567,Sara Clark,42,Male,Single,Research & Development,R&D Manager,Bachelor's,Other,2,0,0,16,Travel_Frequently,119608,INR,18,3,2,1,3,No,2,LinkedIn,On-site,9,10,1,1,Average,1,13,No
568,Mary Kim,20,Female,Single,Research & Development,Laboratory Technician,Bachelor's,Medical,2,1,1,20,Travel_Rarely,16378,INR,24,3,1,4,3,No,4,Job Portal,On-site,7,5,0,1,Excellent,1,19,No
569,Robert Sharma,44,Male,Single,Research & Development,Laboratory Technician,Bachelor's,Technical Degree,0,0,2,4,Travel_Rarely,14563,INR,22,3,1,3,4,No,1,LinkedIn,On-site,8,6,0,1,Average,1,12,No
570,Fatima Ali,45,Male,Divorced,Research & Development,Laboratory Technician,PhD,Human Resources,7,5,2,26,Travel_Rarely,25307,INR,24,3,4,2,1,No,0,Job Portal,On-site,4,10,0,3,Average,3,24,No
571,Linda Gupta,28,Male,Single,Research & Development,Laboratory Technician,PhD,Other,4,3,2,19,Travel_Rarely,23141,INR,18,3,2,1,3,No,4,Consultancy,On-site,5,8,2,2,Average,1,14,No
572,Aisha Rodriguez,43,Female,Married,Sales,Sales Representative,Bachelor's,Life Sciences,8,4,2,27,Travel_Rarely,25660,INR,23,3,1,4,4,No,0,Consultancy,On-site,5,7,3,2,Average,3,10,No
573,David Anderson,35,Female,Married,IT,Data Analyst,Bachelor's,Other,0,0,3,24,Travel_Rarely,30217,INR,18,3,3,4,3,Yes,0,Consultancy,Hybrid,3,8,0,0,Good,0,20,No
574,Neha Davis,40,Female,Single,IT,Software Engineer,Bachelor's,Technical Degree,6,2,2,9,Travel_Rarely,75492,INR,20,3,4,3,4,No,3,Campus Hiring,On-site,7,8,1,3,Good,3,10,No
575,Neha Davis,22,Male,Married,Sales,Sales Representative,Bachelor's,Marketing,2,1,1,14,Travel_Rarely,18427,INR,23,3,4,4,4,No,4,LinkedIn,On-site,7,4,2,1,Average,2,11,No
576,Amit Anderson,20,Female,Single,Finance,Accountant,High School,Technical Degree,2,1,2,12,Travel_Rarely,23842,INR,14,3,3,4,2,No,1,Consultancy,On-site,4,6,1,0,Good,3,15,No
577,Olga Clark,36,Female,Married,Research & Development,Laboratory Technician,Bachelor's,Medical,6,4,1,9,Travel_Frequently,21490,INR,12,3,4,3,2,Yes,0,LinkedIn,On-site,6,7,0,3,Average,4,16,No
578,Yusuf Johnson,32,Female,Married,IT,IT Support,Bachelor's,Marketing,14,6,5,17,Travel_Rarely,35300,INR,19,3,1,3,1,No,2,Campus Hiring,Remote,10,7,1,5,Good,0,21,Yes
579,Sara Ali,36,Male,Single,IT,Software Engineer,High School,Medical,2,1,3,22,Travel_Rarely,47349,INR,15,3,3,4,3,No,4,Walk-in,Hybrid,5,7,0,1,Average,0,24,No
580,Mary Kim,33,Male,Single,Sales,Sales Manager,High School,Human Resources,5,4,3,14,Travel_Rarely,82142,INR,22,3,4,3,2,No,0,Job Portal,On-site,8,8,0,2,Average,2,3,No
581,Amit Singh,38,Female,Single,Research & Development,Laboratory Technician,Bachelor's,Technical Degree,1,0,0,18,Travel_Rarely,15409,INR,15,4,3,3,2,No,2,LinkedIn,On-site,3,7,0,1,Good,0,14,No
582,Fatima Clark,36,Male,Single,Finance,Finance Manager,Bachelor's,Medical,6,5,2,20,Non-Travel,116560,INR,24,3,4,3,2,No,4,Job Portal,On-site,4,4,0,2,Average,1,16,No
583,Amit Anderson,42,Male,Single,Research & Development,Manufacturing Director,Master's,Life Sciences,6,5,3,19,Travel_Rarely,234306,INR,11,3,3,2,3,No,0,Job Portal,Remote,9,8,2,3,Good,2,14,No
584,Robert Smith,23,Female,Married,IT,System Administrator,Bachelor's,Other,5,4,5,17,Non-Travel,38077,INR,19,3,4,4,3,No,4,Job Portal,On-site,4,12,3,1,Good,1,18,No
585,Carlos Davis,29,Female,Divorced,Research & Development,Research Scientist,PhD,Other,7,3,2,18,Travel_Rarely,74374,INR,16,3,4,1,3,No,4,LinkedIn,Hybrid,8,7,4,2,Needs Improvement,1,9,No
586,James Martin,35,Female,Married,Finance,Finance Manager,Master's,Technical Degree,7,4,2,21,Travel_Rarely,134893,INR,14,3,3,4,3,No,0,Referral,On-site,8,6,2,2,Good,5,19,No
587,Robert Garcia,20,Male,Single,IT,Software Engineer,Master's,Life Sciences,2,1,1,19,Travel_Rarely,54178,INR,24,3,3,3,1,No,4,LinkedIn,On-site,3,3,0,0,Average,1,7,No
588,Lucy Ali,47,Male,Married,Research & Development,R&D Manager,Bachelor's,Other,2,0,1,4,Travel_Rarely,115823,INR,12,3,1,4,2,Yes,5,Consultancy,Hybrid,4,4,2,0,Excellent,0,22,Yes
589,Wei Brown,41,Male,Married,IT,System Administrator,Bachelor's,Technical Degree,0,0,2,18,Travel_Rarely,24570,INR,23,3,4,4,1,Yes,1,Campus Hiring,On-site,4,6,0,1,Good,0,17,Yes
590,Amit Kumar,31,Male,Married,Sales,Sales Representative,Bachelor's,Life Sciences,0,0,5,16,Travel_Rarely,15562,INR,12,3,2,3,4,No,1,Referral,Remote,2,7,0,1,Average,3,5,No
591,Carlos Gupta,37,Male,Single,Research & Development,Laboratory Technician,Bachelor's,Technical Degree,9,7,2,22,Travel_Rarely,23917,INR,11,3,4,3,4,No,4,Job Portal,On-site,6,4,5,4,Good,0,7,No
592,Nia Davis,46,Male,Married,Research & Development,Research Scientist,High School,Life Sciences,0,0,5,18,Travel_Rarely,36640,INR,15,3,4,3,1,Yes,3,Job Portal,Hybrid,6,5,0,1,Excellent,1,22,No
593,Ahmed Ali,42,Male,Divorced,Research & Development,Manufacturing Director,PhD,Marketing,2,0,2,8,Travel_Rarely,205852,INR,15,3,3,4,4,No,5,Walk-in,On-site,10,8,0,1,Average,0,18,No
594,Ben Ali,31,Female,Divorced,Sales,Sales Representative,Master's,Life Sciences,12,3,2,22,Travel_Rarely,32164,INR,19,3,1,3,3,No,1,Walk-in,Hybrid,9,3,2,4,Good,3,6,No
595,Sofia Garcia,30,Female,Married,IT,Data Analyst,Bachelor's,Human Resources,9,8,3,5,Travel_Rarely,72547,INR,18,3,2,1,4,No,4,LinkedIn,Remote,5,6,1,4,Average,0,14,No
596,Lucy Smith,30,Male,Married,Research & Development,Manufacturing Director,Bachelor's,Other,4,3,2,9,Travel_Rarely,199474,INR,14,3,3,4,4,No,0,Referral,On-site,7,7,3,1,Good,4,11,No
597,Olga Lee,32,Female,Married,Research & Development,Manufacturing Director,Master's,Technical Degree,6,1,3,6,Travel_Rarely,254111,INR,20,3,3,3,2,Yes,1,Job Portal,On-site,8,4,0,2,Excellent,1,4,No
598,Ahmed Khan,20,Female,Married,Sales,Sales Executive,Bachelor's,Other,2,0,3,20,Travel_Rarely,24412,INR,19,3,4,2,3,Yes,3,Consultancy,Hybrid,7,3,2,0,Average,1,18,No
599,Aisha Smith,24,Male,Married,Sales,Sales Manager,Bachelor's,Other,0,0,0,27,Non-Travel,57055,INR,14,3,1,1,3,Yes,2,Consultancy,Remote,6,6,0,0,Average,4,8,Yes
600,Chen Martin,38,Male,Married,Human Resources,HR Recruiter,Master's,Life Sciences,2,0,4,15,Travel_Rarely,23204,INR,18,3,3,1,4,No,3,Referral,Remote,5,8,2,1,Average,4,20,No
601,Kevin Clark,38,Male,Single,IT,Data Analyst,Bachelor's,Medical,2,1,1,2,Travel_Frequently,40650,INR,18,4,4,4,4,Yes,5,Campus Hiring,On-site,4,7,0,1,Good,2,5,No
602,Kevin Smith,20,Male,Married,Marketing,Content Strategist,PhD,Technical Degree,2,0,0,10,Travel_Rarely,40614,INR,18,4,4,4,4,No,1,Walk-in,On-site,7,5,0,0,Average,1,11,No
603,Neha Kumar,34,Male,Married,Research & Development,Manufacturing Director,Bachelor's,Marketing,0,0,1,13,Non-Travel,146839,INR,22,3,4,2,3,No,2,LinkedIn,On-site,3,7,0,1,Average,2,13,No
604,Chen Clark,26,Female,Single,Human Resources,HR Recruiter,Master's,Human Resources,5,2,0,4,Travel_Rarely,26303,INR,11,3,4,4,3,Yes,1,Campus Hiring,Hybrid,6,7,0,2,Average,5,4,No
605,Aisha Smith,21,Female,Married,Research & Development,Manufacturing Director,Bachelor's,Technical Degree,0,0,1,6,Travel_Rarely,148461,INR,24,3,4,3,4,No,5,Referral,On-site,5,4,0,1,Excellent,1,16,No
606,Fatima Lee,50,Female,Single,Sales,Sales Representative,Master's,Medical,1,0,4,12,Travel_Rarely,18796,INR,15,3,4,3,3,No,3,Referral,On-site,6,9,0,1,Good,2,15,No
607,Ravi Kim,36,Male,Single,IT,Software Engineer,Master's,Human Resources,0,0,1,18,Travel_Frequently,40128,INR,21,4,3,2,2,Yes,1,LinkedIn,On-site,6,7,0,1,Excellent,0,14,Yes
608,Chen Sharma,20,Female,Single,Sales,Sales Manager,Master's,Other,2,1,1,10,Travel_Rarely,74542,INR,17,3,4,1,2,Yes,0,Referral,On-site,6,2,2,1,Excellent,1,20,No
609,Ahmed Ali,27,Female,Single,IT,IT Support,PhD,Technical Degree,9,3,1,10,Travel_Rarely,37655,INR,16,4,4,3,3,No,3,LinkedIn,On-site,9,6,2,3,Average,2,7,No
610,Grace Kumar,37,Female,Married,Sales,Sales Representative,High School,Life Sciences,1,0,2,3,Travel_Frequently,16615,INR,24,3,3,3,3,No,0,Campus Hiring,Hybrid,2,3,1,1,Good,1,4,No
611,Aisha Johnson,22,Female,Single,Finance,Accountant,Bachelor's,Life Sciences,4,1,1,27,Travel_Rarely,28318,INR,20,3,3,4,3,No,5,Job Portal,On-site,7,7,4,1,Good,2,16,No
612,Wei Khan,37,Male,Divorced,Human Resources,HR Manager,Bachelor's,Marketing,0,0,1,9,Travel_Frequently,63180,INR,13,4,4,3,1,No,2,LinkedIn,On-site,4,7,0,0,Average,0,9,No
613,Lucy Kim,22,Female,Married,Research & Development,Manufacturing Director,Bachelor's,Other,4,2,3,24,Travel_Frequently,204933,INR,13,3,4,4,1,No,4,LinkedIn,On-site,7,9,1,2,Average,2,19,No
614,James Lee,35,Male,Married,Research & Development,R&D Manager,Bachelor's,Technical Degree,2,0,1,26,Travel_Rarely,119356,INR,14,3,4,4,3,No,0,Referral,Remote,3,9,0,1,Average,0,6,No
615,Neha Rodriguez,45,Female,Married,Human Resources,HR Executive,High School,Marketing,2,1,0,20,Travel_Rarely,21689,INR,14,3,1,3,3,Yes,0,Walk-in,Remote,6,6,2,0,Good,1,19,No
616,James Lee,43,Male,Divorced,Research & Development,Laboratory Technician,Bachelor's,Technical Degree,2,1,2,1,Travel_Rarely,17043,INR,14,4,2,3,4,No,4,Consultancy,On-site,9,8,2,1,Good,0,23,No
617,Sara Gupta,31,Male,Single,Research & Development,R&D Manager,Master's,Life Sciences,7,4,5,15,Travel_Rarely,166035,INR,16,3,3,4,3,No,5,Referral,Remote,7,7,0,2,Excellent,1,19,No
618,Amit Kumar,38,Male,Single,IT,System Administrator,Bachelor's,Life Sciences,0,0,1,9,Non-Travel,25697,INR,21,3,4,4,2,Yes,5,Job Portal,On-site,4,6,0,0,Good,1,7,No
619,Aisha Ali,20,Male,Married,Marketing,Marketing Executive,Bachelor's,Other,1,0,0,22,Travel_Rarely,23131,INR,14,3,4,1,3,Yes,4,Campus Hiring,Hybrid,5,8,0,0,Average,0,7,No
620,Anjali Sharma,28,Male,Married,Marketing,Content Strategist,Bachelor's,Technical Degree,0,0,3,18,Travel_Rarely,28255,INR,24,3,1,4,3,No,0,Walk-in,Remote,2,5,0,0,Excellent,2,17,Yes
621,Tom Kim,36,Female,Divorced,Sales,Sales Representative,Master's,Other,1,0,3,15,Travel_Frequently,19134,INR,14,3,4,4,4,No,2,LinkedIn,On-site,5,8,1,0,Excellent,0,10,No
622,Nia Singh,33,Female,Single,Research & Development,Laboratory Technician,Bachelor's,Human Resources,0,0,4,15,Travel_Rarely,15029,INR,20,3,1,3,4,Yes,3,LinkedIn,Hybrid,4,6,0,0,Average,1,3,Yes
623,Robert Smith,33,Male,Divorced,Finance,Financial Analyst,Master's,Life Sciences,8,5,0,28,Travel_Rarely,60232,INR,21,3,4,4,3,No,3,Referral,On-site,9,6,0,3,Average,0,14,No
624,Olga Anderson,33,Female,Single,Research & Development,Research Scientist,Bachelor's,Marketing,2,0,2,5,Travel_Rarely,47701,INR,21,4,1,4,4,No,0,LinkedIn,Hybrid,6,7,2,0,Average,2,17,No
625,John Kim,29,Male,Married,Research & Development,Laboratory Technician,Bachelor's,Human Resources,11,4,2,22,Travel_Rarely,25276,INR,24,4,2,4,1,No,0,Job Portal,On-site,7,7,7,3,Good,0,7,No
626,Mary Khan,25,Male,Single,IT,System Administrator,PhD,Human Resources,7,3,1,22,Non-Travel,51449,INR,22,3,4,4,2,No,3,Consultancy,Hybrid,5,7,1,3,Good,2,8,No
627,Maria Wilson,27,Female,Single,Marketing,Marketing Manager,Bachelor's,Human Resources,5,4,3,4,Travel_Rarely,97132,INR,17,3,3,4,4,Yes,0,Job Portal,On-site,7,4,5,2,Needs Improvement,1,17,No
628,Kevin Lee,40,Female,Married,IT,Data Analyst,Bachelor's,Other,7,6,0,29,Travel_Frequently,62446,INR,18,3,4,2,3,No,0,Job Portal,Remote,8,4,5,2,Needs Improvement,0,19,No
629,Ben Kim,23,Male,Single,Research & Development,Laboratory Technician,Master's,Marketing,5,3,2,15,Travel_Rarely,21857,INR,17,3,4,1,2,No,2,Job Portal,Remote,6,5,0,1,Good,2,22,No
630,Raj Clark,56,Male,Single,Finance,Finance Manager,Bachelor's,Medical,1,0,5,24,Non-Travel,83889,INR,11,3,4,3,3,No,4,LinkedIn,Hybrid,5,9,1,0,Excellent,2,20,No
631,Wei Garcia,20,Female,Single,Marketing,Content Strategist,High School,Medical,2,1,1,8,Travel_Frequently,31977,INR,21,3,1,4,1,Yes,5,Referral,On-site,4,2,0,0,Good,4,15,Yes
632,Emma Wilson,29,Female,Married,IT,Data Analyst,Bachelor's,Human Resources,4,2,1,19,Travel_Frequently,45540,INR,11,3,3,4,3,No,4,Job Portal,Remote,6,7,1,1,Good,3,23,No
633,Chen Johnson,39,Female,Single,IT,System Administrator,Bachelor's,Human Resources,15,8,2,7,Non-Travel,67125,INR,23,3,3,4,3,No,2,Referral,Hybrid,10,5,0,5,Good,0,12,No
634,Linda Clark,21,Female,Married,Sales,Sales Manager,Bachelor's,Medical,3,1,3,10,Travel_Rarely,70914,INR,14,3,4,1,3,Yes,2,Referral,Hybrid,3,5,1,2,Average,2,11,No
635,Olga Martin,41,Female,Married,Marketing,Marketing Manager,Master's,Human Resources,0,0,1,20,Travel_Rarely,78524,INR,24,3,4,3,2,Yes,5,Campus Hiring,On-site,2,8,0,1,Average,2,15,Yes
636,Neha Johnson,38,Male,Married,Sales,Sales Representative,Master's,Life Sciences,1,0,4,18,Travel_Rarely,19599,INR,12,3,4,2,2,No,0,LinkedIn,Hybrid,1,10,1,0,Good,1,13,No
637,Amit Clark,44,Female,Married,Research & Development,Manufacturing Director,High School,Marketing,6,4,3,8,Non-Travel,200879,INR,14,3,1,4,3,No,3,Consultancy,Remote,8,2,3,3,Good,1,19,No
638,Anjali Davis,26,Male,Single,Human Resources,HR Recruiter,Master's,Medical,5,3,4,3,Travel_Rarely,25371,INR,24,3,4,3,4,No,5,Job Portal,Remote,6,9,0,2,Average,0,6,No
639,Robert Wilson,42,Male,Single,IT,Software Engineer,Master's,Life Sciences,2,1,1,8,Travel_Frequently,50841,INR,24,3,3,4,3,No,2,Campus Hiring,On-site,4,7,1,1,Excellent,1,14,No
640,Carlos Nair,37,Female,Married,Research & Development,R&D Manager,Bachelor's,Human Resources,2,1,3,21,Travel_Rarely,113962,INR,21,3,4,4,3,Yes,4,Job Portal,Hybrid,3,3,2,0,Good,1,11,No
641,Yusuf Wilson,40,Female,Divorced,IT,Data Analyst,Master's,Human Resources,1,0,1,6,Travel_Rarely,36746,INR,17,4,3,4,2,Yes,1,Consultancy,Remote,9,10,0,0,Good,1,23,Yes
642,Chen Martin,41,Male,Married,Sales,Sales Representative,Bachelor's,Medical,0,0,1,19,Travel_Rarely,15738,INR,14,3,2,3,3,No,2,Referral,On-site,6,9,0,0,Average,0,16,No
643,Tom Sharma,26,Female,Divorced,Human Resources,HR Manager,Bachelor's,Technical Degree,1,0,2,9,Non-Travel,62493,INR,16,3,2,3,3,No,1,LinkedIn,On-site,4,4,1,1,Good,2,14,No
644,Sofia Kumar,34,Female,Married,Human Resources,HR Recruiter,Master's,Technical Degree,10,3,2,20,Travel_Frequently,33932,INR,14,3,4,3,3,Yes,4,Campus Hiring,On-site,12,6,0,4,Average,1,12,No
645,Ravi Wilson,29,Male,Divorced,Sales,Sales Manager,Bachelor's,Life Sciences,3,1,6,27,Travel_Rarely,77238,INR,11,4,1,3,4,Yes,5,Referral,Hybrid,6,8,3,1,Excellent,0,8,No
646,Carlos Davis,45,Female,Married,Research & Development,Research Scientist,Master's,Other,0,0,2,11,Travel_Rarely,44000,INR,14,3,2,4,3,No,5,Referral,Remote,4,6,0,0,Good,3,18,No
647,Kevin Patel,41,Female,Single,IT,System Administrator,Bachelor's,Marketing,6,4,3,8,Travel_Frequently,41437,INR,22,3,4,4,3,No,2,Job Portal,On-site,7,7,6,2,Average,3,8,No
648,Olga Clark,50,Male,Single,Research & Development,R&D Manager,Bachelor's,Marketing,4,3,2,16,Travel_Frequently,137518,INR,13,3,3,4,2,No,0,Referral,Hybrid,5,4,4,1,Average,3,10,No
649,Lucy Davis,40,Male,Single,IT,Data Analyst,PhD,Human Resources,4,3,0,5,Travel_Frequently,58592,INR,11,3,3,3,4,No,5,Campus Hiring,Hybrid,5,7,1,1,Average,0,15,No
650,Tom Gupta,29,Female,Single,Sales,Sales Representative,Bachelor's,Life Sciences,4,2,2,19,Travel_Rarely,19361,INR,24,3,3,3,2,Yes,2,Job Portal,Remote,6,7,1,2,Good,1,10,No
651,Lucy Garcia,36,Female,Single,IT,System Administrator,Bachelor's,Human Resources,2,1,2,5,Travel_Frequently,29895,INR,23,3,1,4,2,No,0,LinkedIn,Remote,2,4,1,1,Average,0,22,No
652,Kevin Davis,40,Male,Married,Finance,Financial Analyst,PhD,Life Sciences,14,6,1,27,Travel_Rarely,87641,INR,22,4,3,3,3,Yes,5,LinkedIn,Hybrid,14,6,0,4,Good,2,22,No
653,Aisha Smith,38,Female,Married,IT,Data Analyst,Bachelor's,Technical Degree,1,0,2,12,Travel_Frequently,34936,INR,11,3,1,4,2,No,4,Referral,On-site,4,7,0,1,Average,1,6,No
654,Tom Davis,39,Male,Single,Research & Development,Manufacturing Director,Bachelor's,Medical,1,0,3,26,Travel_Frequently,160068,INR,13,3,3,1,2,Yes,5,LinkedIn,Hybrid,5,7,0,1,Good,3,14,Yes
655,Linda Nair,37,Male,Divorced,Sales,Sales Manager,Master's,Medical,1,0,3,25,Travel_Rarely,75395,INR,16,3,2,3,3,Yes,5,Referral,Remote,7,5,1,0,Good,2,14,Yes
656,David Wilson,41,Female,Single,Finance,Finance Manager,Bachelor's,Medical,6,3,1,2,Travel_Rarely,108271,INR,19,3,1,3,1,No,5,LinkedIn,On-site,7,6,0,2,Average,4,17,No
657,Olga Kumar,44,Male,Single,Human Resources,HR Executive,Bachelor's,Other,4,2,4,20,Non-Travel,24102,INR,20,3,3,3,3,Yes,4,Campus Hiring,Remote,6,10,0,1,Good,2,17,No
658,John Wilson,28,Male,Single,IT,IT Support,PhD,Life Sciences,2,1,0,26,Travel_Rarely,26189,INR,12,3,2,4,3,No,4,Campus Hiring,Hybrid,3,5,1,0,Good,0,24,No
659,Fatima Garcia,20,Female,Single,Sales,Sales Executive,PhD,Technical Degree,2,1,2,20,Travel_Rarely,29750,INR,17,3,4,4,1,No,0,Walk-in,Remote,4,3,2,0,Good,3,18,No
660,Carlos Patel,26,Female,Married,IT,Data Analyst,Bachelor's,Medical,1,0,3,6,Non-Travel,33990,INR,15,4,3,2,3,No,3,Walk-in,Remote,2,4,1,0,Needs Improvement,2,10,No
661,Neha Davis,20,Female,Single,Research & Development,Laboratory Technician,Master's,Life Sciences,2,1,5,22,Travel_Frequently,18784,INR,23,3,4,2,3,No,3,LinkedIn,On-site,6,8,2,1,Good,1,21,No
662,Grace Kim,34,Female,Married,Sales,Sales Representative,Bachelor's,Medical,2,1,1,15,Travel_Rarely,17840,INR,23,3,4,3,3,Yes,4,Consultancy,Hybrid,5,11,0,0,Excellent,2,11,No
663,Nia Smith,20,Female,Single,Sales,Sales Manager,Bachelor's,Medical,2,1,2,2,Travel_Rarely,71086,INR,14,3,3,1,3,No,2,Job Portal,Hybrid,7,5,2,0,Needs Improvement,0,15,No
664,Raj Ali,38,Female,Single,Marketing,Content Strategist,High School,Medical,0,0,1,29,Non-Travel,26841,INR,17,3,4,3,3,No,4,LinkedIn,On-site,2,11,0,0,Good,0,18,No
665,Fatima Patel,20,Male,Married,Sales,Sales Executive,Bachelor's,Other,2,0,0,4,Travel_Rarely,23713,INR,14,3,3,4,1,Yes,0,LinkedIn,Remote,3,8,2,1,Average,0,22,Yes
666,Ahmed Clark,37,Female,Single,Sales,Sales Executive,High School,Life Sciences,19,8,2,4,Travel_Frequently,41147,INR,17,3,4,4,4,No,2,Job Portal,Hybrid,13,8,3,5,Good,0,8,No
667,Wei Garcia,35,Male,Married,Research & Development,R&D Manager,Bachelor's,Marketing,4,1,1,19,Travel_Rarely,127887,INR,24,3,2,1,1,No,3,Campus Hiring,On-site,7,7,0,2,Good,0,13,No
668,Mary Lee,35,Female,Married,Sales,Sales Executive,Bachelor's,Medical,0,0,2,23,Travel_Rarely,21932,INR,23,4,1,3,4,No,1,Referral,Hybrid,3,5,0,0,Good,6,4,No
669,Yusuf Khan,32,Female,Single,Human Resources,HR Recruiter,Master's,Other,10,5,3,29,Non-Travel,31203,INR,23,3,4,3,3,No,3,Consultancy,Hybrid,9,8,3,3,Good,1,16,No
670,Sara Singh,27,Female,Married,Research & Development,Manufacturing Director,Bachelor's,Other,0,0,3,24,Travel_Frequently,156000,INR,20,3,4,3,2,Yes,2,LinkedIn,On-site,3,5,0,1,Good,1,21,No
671,Sofia Ali,29,Female,Married,Marketing,Marketing Manager,Bachelor's,Medical,2,0,1,13,Travel_Rarely,82957,INR,16,3,4,4,4,No,2,Consultancy,Remote,6,7,0,1,Average,1,23,No
672,Robert Khan,20,Male,Married,Finance,Finance Manager,High School,Technical Degree,2,1,3,7,Travel_Rarely,83771,INR,14,3,3,4,4,No,1,LinkedIn,On-site,6,7,1,1,Excellent,1,9,No
673,John Patel,51,Female,Divorced,Sales,Sales Representative,Master's,Human Resources,4,1,0,6,Travel_Rarely,23537,INR,14,3,4,2,3,No,2,Consultancy,On-site,6,5,4,1,Excellent,2,5,No
674,Grace Johnson,36,Male,Married,Finance,Finance Manager,Bachelor's,Other,1,0,2,16,Travel_Frequently,89037,INR,12,3,2,1,3,Yes,5,Campus Hiring,On-site,4,7,0,1,Good,0,7,Yes
675,David Singh,46,Female,Married,Finance,Financial Analyst,Bachelor's,Medical,6,2,3,14,Non-Travel,49730,INR,13,4,4,3,3,Yes,5,Referral,Hybrid,7,9,2,2,Excellent,1,13,No
676,Ravi Kim,35,Female,Married,Sales,Sales Executive,Master's,Technical Degree,1,0,1,3,Travel_Rarely,26090,INR,17,3,1,3,4,Yes,3,LinkedIn,On-site,6,14,0,0,Good,3,15,Yes
677,Ben Anderson,47,Female,Single,Research & Development,Research Scientist,Master's,Medical,8,3,2,22,Travel_Rarely,79467,INR,18,3,2,3,4,Yes,1,Referral,On-site,9,3,2,2,Good,2,11,No
678,Grace Wilson,55,Male,Married,Research & Development,Manufacturing Director,Master's,Marketing,0,0,2,24,Travel_Rarely,168750,INR,23,3,2,3,2,No,5,Campus Hiring,Hybrid,2,5,0,1,Average,2,15,Yes
679,Wei Patel,42,Male,Married,Research & Development,Manufacturing Director,High School,Marketing,5,4,1,16,Travel_Rarely,193219,INR,23,3,2,3,4,No,3,Job Portal,On-site,6,8,0,1,Good,1,9,No
680,Raj Ali,42,Male,Married,Sales,Sales Manager,Bachelor's,Life Sciences,1,0,3,27,Travel_Rarely,65693,INR,12,3,4,3,4,No,4,LinkedIn,On-site,3,11,1,0,Needs Improvement,1,8,No
681,Kevin Anderson,27,Female,Married,Research & Development,Laboratory Technician,Master's,Technical Degree,9,3,2,24,Travel_Rarely,25341,INR,18,4,4,4,3,Yes,1,Campus Hiring,On-site,7,7,4,3,Good,1,7,No
682,Ahmed Kumar,42,Male,Married,Sales,Sales Executive,PhD,Medical,10,7,1,2,Travel_Frequently,45995,INR,18,3,4,3,3,No,3,Referral,On-site,7,6,2,3,Good,1,9,No
683,Carlos Patel,39,Male,Divorced,Research & Development,Research Scientist,Bachelor's,Marketing,0,0,3,27,Travel_Rarely,38915,INR,12,3,3,3,3,No,0,LinkedIn,Remote,4,3,0,1,Good,0,18,No
684,Ben Singh,43,Male,Married,Research & Development,Manufacturing Director,Bachelor's,Marketing,5,4,0,14,Travel_Frequently,210907,INR,12,3,4,3,1,No,4,Referral,Hybrid,10,4,0,2,Average,2,15,No
685,Carlos Sharma,41,Female,Single,Sales,Sales Representative,Bachelor's,Medical,16,5,0,10,Travel_Rarely,32774,INR,15,3,4,3,4,Yes,5,Consultancy,On-site,13,7,4,5,Good,1,14,No
686,Mary Wilson,40,Female,Married,Research & Development,R&D Manager,Master's,Human Resources,1,0,3,28,Travel_Rarely,114512,INR,15,3,3,4,1,No,1,LinkedIn,Hybrid,1,6,0,0,Average,2,18,No
687,Amit Singh,40,Male,Single,Sales,Sales Manager,Master's,Technical Degree,0,0,1,10,Travel_Rarely,65561,INR,22,3,4,3,1,Yes,0,LinkedIn,Remote,6,8,0,1,Good,2,13,No
688,Nia Brown,34,Female,Single,Sales,Sales Manager,Bachelor's,Life Sciences,1,0,3,5,Travel_Rarely,64590,INR,18,3,4,2,2,Yes,5,Consultancy,Remote,7,10,1,0,Good,1,17,No
689,Robert Kim,33,Male,Married,Research & Development,R&D Manager,Bachelor's,Marketing,5,2,3,10,Travel_Rarely,139084,INR,20,3,2,1,3,Yes,3,Referral,On-site,5,6,0,2,Good,3,16,No
690,Yusuf Khan,33,Male,Single,Sales,Sales Manager,Master's,Life Sciences,15,13,2,21,Travel_Rarely,139670,INR,14,3,2,1,3,Yes,0,Campus Hiring,On-site,9,5,0,5,Good,0,11,No
691,Olga Smith,41,Male,Single,IT,System Administrator,Master's,Technical Degree,5,2,1,28,Non-Travel,39834,INR,19,3,4,3,4,No,0,Referral,On-site,4,4,1,2,Good,2,24,No
692,Olga Davis,49,Male,Single,Research & Development,Manufacturing Director,Master's,Other,8,4,2,23,Travel_Rarely,268601,INR,14,4,4,2,2,Yes,1,Job Portal,On-site,8,4,1,3,Average,0,9,No
693,Ahmed Khan,21,Male,Married,Sales,Sales Manager,Bachelor's,Life Sciences,3,1,0,26,Travel_Rarely,76180,INR,12,3,3,2,3,No,3,Campus Hiring,On-site,3,2,2,2,Excellent,1,23,No
694,Ben Rodriguez,38,Male,Married,Human Resources,HR Executive,Master's,Marketing,3,1,2,7,Travel_Frequently,27025,INR,15,3,1,4,4,Yes,0,Referral,Remote,7,11,3,2,Excellent,1,21,No
695,Tom Khan,48,Male,Single,Marketing,Content Strategist,PhD,Life Sciences,2,0,3,18,Non-Travel,40515,INR,17,3,3,4,2,No,4,Referral,On-site,2,7,1,1,Good,0,17,No
696,Wei Brown,60,Male,Divorced,Research & Development,Laboratory Technician,Bachelor's,Marketing,0,0,0,18,Travel_Rarely,15254,INR,23,3,4,3,2,No,2,Campus Hiring,On-site,4,8,0,0,Average,1,10,No
697,Yusuf Gupta,25,Female,Married,Sales,Sales Manager,Bachelor's,Life Sciences,1,0,2,24,Travel_Rarely,64546,INR,21,3,2,4,2,No,2,Walk-in,Remote,2,12,1,0,Average,0,23,No
698,Wei Kumar,35,Male,Married,Finance,Financial Analyst,Master's,Life Sciences,3,2,3,6,Travel_Frequently,44551,INR,15,3,3,4,4,No,2,Job Portal,On-site,7,7,0,1,Needs Improvement,3,22,No
699,Lucy Sharma,27,Male,Single,IT,System Administrator,PhD,Marketing,2,1,4,5,Travel_Rarely,34913,INR,13,4,3,2,2,No,5,LinkedIn,On-site,9,6,1,0,Needs Improvement,5,24,No
700,David Kumar,24,Female,Divorced,Finance,Accountant,Master's,Human Resources,6,2,2,27,Non-Travel,33125,INR,15,3,3,1,2,No,1,LinkedIn,Remote,5,4,2,3,Good,1,9,No
701,John Davis,36,Male,Single,Finance,Finance Manager,Bachelor's,Human Resources,2,1,1,5,Travel_Frequently,92247,INR,21,3,3,3,1,No,4,Campus Hiring,Hybrid,4,5,0,1,Average,2,17,No
702,Mary Johnson,43,Male,Married,Marketing,Marketing Executive,Master's,Technical Degree,6,4,2,24,Travel_Rarely,32454,INR,22,3,3,1,4,No,2,Job Portal,Remote,5,9,4,2,Good,0,8,No
703,Mary Patel,44,Male,Married,Finance,Finance Manager,Bachelor's,Life Sciences,4,3,1,23,Travel_Rarely,95623,INR,16,3,4,3,2,No,3,Referral,Hybrid,9,5,1,1,Needs Improvement,2,13,No
704,Tom Wilson,31,Female,Divorced,Research & Development,Laboratory Technician,Bachelor's,Life Sciences,3,0,1,20,Travel_Rarely,18760,INR,11,4,4,1,3,Yes,4,LinkedIn,Remote,5,3,2,2,Good,2,8,No
705,Robert Rodriguez,21,Male,Single,Research & Development,R&D Manager,Bachelor's,Life Sciences,3,1,2,22,Travel_Rarely,121485,INR,20,3,4,3,2,No,0,LinkedIn,On-site,3,4,3,2,Average,0,11,No
706,Tom Patel,23,Male,Married,Research & Development,Laboratory Technician,High School,Other,2,1,4,29,Non-Travel,17047,INR,11,4,2,2,2,No,4,Consultancy,On-site,6,6,2,1,Good,1,9,No
707,Maria Patel,43,Female,Married,Research & Development,Laboratory Technician,Bachelor's,Marketing,1,0,4,1,Travel_Rarely,15567,INR,16,3,2,2,1,No,5,Job Portal,Hybrid,2,3,0,0,Excellent,0,21,Yes
708,Maria Martin,52,Male,Married,Marketing,Content Strategist,PhD,Marketing,3,1,1,6,Travel_Rarely,41811,INR,18,3,1,3,3,Yes,5,Walk-in,On-site,4,10,1,2,Excellent,1,3,No
709,Fatima Johnson,22,Female,Married,Research & Development,Manufacturing Director,Bachelor's,Other,4,3,2,13,Travel_Rarely,193820,INR,17,3,2,2,2,No,5,LinkedIn,Remote,7,4,4,1,Excellent,2,13,No
710,David Lee,30,Male,Married,Finance,Accountant,High School,Other,5,2,5,10,Travel_Rarely,29449,INR,13,3,1,3,3,No,5,Referral,On-site,7,5,0,1,Good,3,7,No
711,Emma Sharma,39,Male,Divorced,Marketing,Content Strategist,Master's,Medical,3,2,5,10,Travel_Frequently,36697,INR,20,3,1,4,2,Yes,3,Job Portal,Hybrid,5,8,1,2,Average,0,23,Yes
712,Aisha Garcia,31,Female,Single,Marketing,Marketing Executive,Master's,Marketing,6,2,1,26,Non-Travel,32776,INR,15,3,4,3,4,Yes,0,Job Portal,Hybrid,5,6,0,3,Good,4,24,No
713,Linda Nair,20,Male,Married,Human Resources,HR Recruiter,Bachelor's,Marketing,1,0,1,9,Travel_Frequently,18397,INR,17,3,1,3,4,No,5,Campus Hiring,Remote,7,2,1,1,Average,0,9,No
714,Ravi Clark,35,Male,Single,Human Resources,HR Manager,Bachelor's,Life Sciences,0,0,1,25,Travel_Frequently,57954,INR,19,3,3,3,4,No,0,Referral,On-site,2,4,0,0,Good,5,8,No
715,Yusuf Nair,22,Male,Married,IT,System Administrator,Bachelor's,Marketing,4,1,2,23,Travel_Rarely,34802,INR,20,3,2,2,3,No,2,Referral,Hybrid,3,4,0,1,Average,1,6,No
716,Kevin Kim,39,Male,Married,Research & Development,Laboratory Technician,Bachelor's,Marketing,0,0,0,16,Travel_Rarely,14607,INR,16,3,2,3,4,No,0,LinkedIn,Remote,2,6,0,0,Average,0,3,No
717,Lucy Martin,31,Male,Married,IT,Software Engineer,Bachelor's,Other,1,0,3,16,Travel_Rarely,43967,INR,22,3,4,3,3,No,5,LinkedIn,Hybrid,5,4,0,1,Good,4,24,No
718,Neha Nair,28,Male,Married,Research & Development,Manufacturing Director,Bachelor's,Technical Degree,2,0,0,25,Travel_Rarely,165723,INR,23,3,1,2,1,No,5,Job Portal,Remote,5,6,1,0,Good,1,15,No
719,Robert Brown,41,Female,Single,Sales,Sales Representative,High School,Technical Degree,7,5,2,23,Travel_Frequently,22601,INR,13,4,4,4,3,No,4,Consultancy,Hybrid,7,9,3,2,Average,2,24,No
720,Maria Garcia,29,Male,Married,Research & Development,Laboratory Technician,PhD,Marketing,0,0,2,2,Travel_Rarely,17326,INR,19,4,3,3,3,Yes,5,Job Portal,On-site,5,4,0,1,Needs Improvement,2,22,Yes
721,Robert Brown,42,Female,Single,IT,System Administrator,Master's,Technical Degree,1,0,1,21,Travel_Rarely,31267,INR,14,3,3,2,1,No,2,Referral,On-site,3,5,1,0,Needs Improvement,1,12,No
722,Fatima Martin,40,Male,Married,Research & Development,Laboratory Technician,Bachelor's,Technical Degree,10,5,2,16,Travel_Rarely,26234,INR,12,3,4,2,4,No,5,Campus Hiring,On-site,7,5,1,4,Good,1,20,No
723,Raj Kumar,34,Male,Married,Sales,Sales Representative,Master's,Technical Degree,4,2,4,14,Travel_Rarely,22887,INR,15,3,2,4,4,No,2,Referral,Hybrid,5,7,3,1,Average,0,3,No
724,Sara Clark,37,Female,Single,Research & Development,Laboratory Technician,Master's,Medical,3,1,3,9,Travel_Frequently,20288,INR,20,3,1,3,3,No,0,Campus Hiring,On-site,2,6,1,1,Good,1,13,No
725,Aisha Garcia,40,Female,Single,Sales,Sales Executive,Bachelor's,Life Sciences,8,3,1,7,Travel_Rarely,33872,INR,23,3,3,3,1,No,2,Job Portal,On-site,8,6,1,3,Average,3,21,No
726,Carlos Davis,28,Male,Married,Sales,Sales Executive,Bachelor's,Human Resources,10,5,1,28,Travel_Frequently,38555,INR,23,4,2,4,4,Yes,1,Campus Hiring,Hybrid,6,6,1,4,Excellent,3,5,No
727,Robert Khan,41,Male,Single,Marketing,Content Strategist,Master's,Medical,14,5,0,4,Travel_Rarely,68417,INR,23,3,3,1,3,No,5,Consultancy,Hybrid,9,5,0,4,Excellent,4,23,No
728,Priya Kim,22,Female,Single,Sales,Sales Representative,Master's,Human Resources,0,0,0,27,Non-Travel,17349,INR,15,4,2,4,2,No,4,Campus Hiring,On-site,4,7,0,0,Average,1,21,No
729,Robert Khan,37,Male,Single,Marketing,Content Strategist,Master's,Human Resources,5,3,1,10,Travel_Rarely,45590,INR,24,3,2,4,1,No,2,Campus Hiring,On-site,6,6,1,2,Excellent,2,9,No
730,Fatima Patel,47,Male,Married,Research & Development,R&D Manager,Bachelor's,Marketing,0,0,2,16,Non-Travel,95582,INR,23,3,4,4,3,Yes,4,Campus Hiring,Hybrid,3,12,0,0,Good,2,13,No
731,Kevin Smith,30,Female,Divorced,Research & Development,Laboratory Technician,High School,Human Resources,4,3,1,21,Travel_Rarely,18495,INR,14,3,2,4,2,Yes,2,Consultancy,Hybrid,7,2,4,1,Excellent,0,16,Yes
732,Kevin Anderson,41,Male,Married,Research & Development,Laboratory Technician,Bachelor's,Medical,1,0,2,27,Travel_Rarely,16600,INR,23,3,2,3,3,No,1,Referral,Hybrid,2,5,1,0,Excellent,3,9,No
733,Anjali Lee,44,Female,Married,Sales,Sales Manager,Bachelor's,Medical,2,1,1,24,Travel_Rarely,70216,INR,15,3,3,3,4,No,3,Referral,On-site,5,4,0,1,Good,0,24,No
734,Carlos Rodriguez,43,Male,Married,Human Resources,HR Executive,Bachelor's,Marketing,0,0,4,14,Travel_Frequently,20321,INR,21,3,4,4,2,Yes,1,Campus Hiring,On-site,2,6,0,1,Needs Improvement,1,6,No
735,James Gupta,29,Female,Single,Research & Development,Research Scientist,Master's,Technical Degree,5,3,0,8,Travel_Rarely,66376,INR,11,3,3,2,3,No,2,Job Portal,On-site,7,6,5,1,Average,0,3,No
736,Emma Rodriguez,40,Male,Married,Research & Development,Manufacturing Director,Bachelor's,Other,1,0,1,10,Travel_Rarely,164818,INR,16,3,4,1,4,No,4,Consultancy,Hybrid,5,10,1,1,Average,2,3,No
737,Priya Singh,38,Male,Married,Sales,Sales Representative,Bachelor's,Marketing,0,0,2,12,Non-Travel,16281,INR,20,3,3,3,1,Yes,3,LinkedIn,Remote,3,6,0,0,Good,2,16,Yes
738,Mary Smith,29,Female,Married,Human Resources,HR Recruiter,Bachelor's,Marketing,7,6,3,12,Travel_Rarely,25278,INR,14,3,1,3,4,Yes,1,Referral,Hybrid,10,4,4,2,Good,3,15,No
739,Wei Khan,47,Female,Married,Marketing,Marketing Executive,High School,Technical Degree,3,1,2,17,Travel_Frequently,25957,INR,14,3,1,3,3,No,2,Referral,On-site,6,5,0,1,Good,0,14,No
740,Sara Clark,37,Male,Divorced,IT,System Administrator,Master's,Human Resources,0,0,2,19,Travel_Rarely,28398,INR,12,3,1,1,3,Yes,2,Referral,On-site,4,8,0,0,Good,0,11,Yes
741,Ravi Singh,34,Male,Married,Sales,Sales Representative,Bachelor's,Medical,0,0,0,11,Travel_Rarely,16466,INR,11,4,3,4,1,No,0,Consultancy,On-site,2,5,0,1,Excellent,1,3,No
742,Kevin Khan,34,Male,Divorced,Finance,Finance Manager,Master's,Other,1,0,4,18,Travel_Rarely,91199,INR,16,3,2,3,1,No,3,LinkedIn,Hybrid,7,9,0,1,Average,1,9,Yes
743,Lucy Smith,50,Male,Single,Research & Development,R&D Manager,Master's,Other,2,1,2,3,Travel_Rarely,132177,INR,23,3,2,1,2,No,3,Referral,Hybrid,5,4,2,0,Good,2,8,No
744,David Martin,30,Female,Divorced,Finance,Accountant,Bachelor's,Marketing,6,1,2,25,Travel_Rarely,30874,INR,18,3,1,2,4,No,4,Walk-in,Hybrid,8,3,0,2,Average,2,8,No
745,Lucy Singh,41,Male,Divorced,Research & Development,Research Scientist,High School,Human Resources,0,0,1,17,Travel_Rarely,40087,INR,18,3,3,3,4,No,0,Job Portal,Hybrid,3,7,0,0,Average,1,23,No
746,Lucy Kumar,24,Female,Single,Research & Development,R&D Manager,Master's,Technical Degree,6,5,2,13,Travel_Rarely,153413,INR,21,3,3,4,3,No,2,Walk-in,On-site,6,4,0,2,Average,1,10,No
747,John Nair,43,Male,Single,Human Resources,HR Recruiter,PhD,Medical,15,9,4,1,Travel_Rarely,43473,INR,20,3,2,2,4,No,5,Campus Hiring,Remote,10,6,5,5,Average,0,12,No
748,Priya Davis,32,Male,Single,IT,Data Analyst,PhD,Human Resources,1,0,1,9,Travel_Rarely,43387,INR,20,3,2,3,3,No,0,Referral,Remote,5,6,0,1,Good,3,7,No
749,Grace Khan,35,Female,Single,Research & Development,R&D Manager,Master's,Other,0,0,0,10,Travel_Rarely,113516,INR,14,3,3,4,3,No,2,Referral,Remote,5,3,0,0,Excellent,0,16,No
750,Olga Khan,35,Female,Married,Sales,Sales Executive,Bachelor's,Marketing,4,2,3,11,Travel_Rarely,27347,INR,18,3,3,4,1,No,5,Walk-in,On-site,6,4,2,2,Average,3,15,No
751,Mary Martin,28,Male,Married,Human Resources,HR Recruiter,High School,Marketing,2,0,2,7,Travel_Rarely,20058,INR,11,3,1,3,2,No,4,LinkedIn,Hybrid,9,5,2,0,Average,1,6,No
752,Anjali Lee,33,Male,Married,Sales,Sales Executive,Master's,Life Sciences,3,2,1,2,Travel_Rarely,30976,INR,14,3,3,4,3,No,4,Job Portal,On-site,6,7,0,1,Needs Improvement,0,18,No
753,Nia Gupta,30,Female,Married,IT,IT Support,Bachelor's,Life Sciences,7,3,2,2,Travel_Rarely,26590,INR,19,3,3,3,1,No,3,Campus Hiring,Remote,5,6,3,2,Needs Improvement,1,12,No
754,Fatima Garcia,27,Male,Married,Sales,Sales Representative,High School,Marketing,3,1,1,29,Travel_Rarely,18901,INR,11,3,2,3,4,Yes,0,Job Portal,On-site,4,4,0,1,Good,4,16,No
755,Amit Martin,27,Male,Married,IT,System Administrator,PhD,Marketing,3,1,3,16,Travel_Frequently,37369,INR,16,3,1,3,3,No,2,Campus Hiring,On-site,6,11,1,2,Average,3,3,No
756,Amit Sharma,41,Male,Single,Research & Development,Laboratory Technician,Bachelor's,Marketing,0,0,2,6,Travel_Rarely,15495,INR,16,3,4,3,3,No,3,Referral,On-site,4,14,0,0,Needs Improvement,1,12,No
757,Amit Anderson,46,Female,Married,Human Resources,HR Recruiter,PhD,Medical,0,0,3,6,Travel_Rarely,22891,INR,15,3,3,1,4,Yes,1,Walk-in,Remote,6,3,0,0,Average,1,22,No
758,Nia Clark,20,Male,Married,Research & Development,Manufacturing Director,Master's,Life Sciences,2,0,0,14,Travel_Rarely,196225,INR,24,3,3,4,1,Yes,2,Referral,Hybrid,3,6,1,1,Good,0,10,No
759,Ahmed Clark,41,Male,Married,Finance,Financial Analyst,PhD,Marketing,4,3,3,17,Travel_Rarely,49054,INR,22,3,2,3,2,No,3,Referral,On-site,5,6,1,1,Good,0,18,No
760,Anjali Rodriguez,30,Female,Single,Research & Development,R&D Manager,Master's,Technical Degree,0,0,1,3,Travel_Rarely,108168,INR,22,3,3,3,3,No,2,LinkedIn,Hybrid,3,9,0,1,Good,2,5,No
761,Grace Kim,41,Male,Married,Research & Development,Laboratory Technician,Master's,Medical,2,1,3,7,Travel_Rarely,18325,INR,14,3,3,4,3,Yes,5,LinkedIn,Hybrid,5,3,1,0,Average,3,7,No
762,Carlos Wilson,45,Male,Married,Sales,Sales Manager,High School,Human Resources,3,1,2,22,Travel_Rarely,71942,INR,17,3,4,4,4,Yes,1,LinkedIn,Hybrid,4,9,0,2,Good,3,9,No
763,Tom Anderson,24,Female,Married,Sales,Sales Manager,Master's,Marketing,6,5,2,28,Travel_Rarely,102257,INR,19,3,3,3,4,Yes,0,LinkedIn,On-site,6,6,1,2,Good,2,10,No
764,Maria Wilson,47,Male,Married,Marketing,Marketing Executive,Bachelor's,Medical,12,9,4,5,Non-Travel,38969,INR,17,3,3,2,3,No,5,LinkedIn,Hybrid,9,13,0,4,Excellent,0,13,No
765,Sara Brown,36,Male,Married,Research & Development,Manufacturing Director,Master's,Technical Degree,0,0,2,6,Travel_Rarely,162464,INR,13,3,4,4,1,No,2,Job Portal,On-site,7,4,0,0,Needs Improvement,0,3,No
766,Linda Smith,27,Female,Single,Research & Development,R&D Manager,Master's,Medical,9,3,5,5,Travel_Rarely,183607,INR,14,3,2,1,3,No,0,LinkedIn,Hybrid,8,6,3,3,Average,4,10,No
767,Yusuf Garcia,26,Male,Single,Sales,Sales Representative,Bachelor's,Technical Degree,1,0,0,16,Travel_Frequently,16859,INR,18,3,4,2,3,No,5,LinkedIn,On-site,3,3,1,0,Good,3,7,No
768,Carlos Garcia,39,Male,Single,Research & Development,R&D Manager,Bachelor's,Medical,3,1,3,4,Travel_Frequently,130284,INR,19,3,4,1,3,No,0,LinkedIn,On-site,5,6,0,2,Excellent,2,9,No
769,Raj Smith,25,Female,Single,IT,Data Analyst,Bachelor's,Technical Degree,2,0,3,11,Travel_Rarely,39079,INR,23,3,4,3,4,No,0,Referral,Hybrid,7,6,2,0,Good,0,6,No
770,Priya Gupta,48,Male,Single,Marketing,Content Strategist,Bachelor's,Medical,11,8,1,16,Non-Travel,54353,INR,16,3,4,1,4,No,1,Job Portal,Hybrid,10,6,7,3,Average,3,22,No
771,Chen Clark,42,Male,Divorced,Research & Development,Manufacturing Director,Bachelor's,Other,3,2,2,16,Travel_Rarely,175648,INR,16,3,2,3,4,Yes,5,LinkedIn,Remote,4,5,0,1,Good,1,17,No
772,Emma Kumar,34,Male,Married,Finance,Financial Analyst,Master's,Other,4,1,3,29,Travel_Rarely,48616,INR,13,3,1,4,3,No,4,Referral,Hybrid,5,6,4,1,Average,0,14,No
773,Aisha Martin,34,Male,Married,Marketing,Marketing Executive,Bachelor's,Other,4,1,2,16,Travel_Frequently,28840,INR,12,3,4,3,1,No,0,LinkedIn,On-site,5,6,3,1,Good,0,20,No
774,Ravi Wilson,38,Female,Single,Research & Development,Manufacturing Director,Bachelor's,Life Sciences,0,0,1,2,Non-Travel,155427,INR,18,3,4,3,4,No,5,Referral,On-site,1,4,0,0,Needs Improvement,2,11,No
775,James Davis,36,Male,Single,Finance,Financial Analyst,Bachelor's,Technical Degree,8,6,3,8,Travel_Rarely,51756,INR,17,3,4,4,2,No,1,Consultancy,On-site,5,5,4,2,Average,1,4,No
776,Wei Singh,30,Male,Married,Sales,Sales Manager,High School,Human Resources,0,0,2,22,Travel_Rarely,54114,INR,13,3,3,4,3,No,4,Walk-in,Hybrid,2,4,0,0,Needs Improvement,0,15,No
777,Sofia Khan,41,Female,Married,Sales,Sales Manager,Bachelor's,Human Resources,8,7,1,29,Travel_Rarely,102989,INR,14,3,1,4,3,No,2,Referral,On-site,11,7,4,3,Average,0,10,No
778,Nia Kumar,22,Female,Married,Marketing,Marketing Executive,Bachelor's,Life Sciences,0,0,1,20,Non-Travel,22470,INR,17,3,3,3,2,No,1,LinkedIn,Remote,3,8,0,0,Good,0,5,No
779,Amit Martin,34,Female,Single,IT,System Administrator,Master's,Other,0,0,1,18,Non-Travel,28483,INR,18,3,2,3,4,Yes,2,Referral,Hybrid,8,14,0,0,Average,0,10,Yes
780,Raj Johnson,29,Female,Married,Finance,Financial Analyst,Master's,Other,4,3,4,19,Travel_Rarely,44818,INR,11,3,3,1,4,No,1,LinkedIn,Hybrid,6,5,1,1,Good,1,23,No
781,Grace Smith,45,Female,Married,Research & Development,Research Scientist,Bachelor's,Life Sciences,1,0,3,7,Travel_Rarely,45253,INR,22,3,3,3,4,No,3,Job Portal,Hybrid,4,7,1,1,Good,1,10,No
782,John Smith,52,Male,Divorced,Human Resources,HR Recruiter,PhD,Life Sciences,9,6,0,8,Non-Travel,34308,INR,17,3,3,3,3,No,1,LinkedIn,Hybrid,8,5,0,4,Good,1,17,No
783,Linda Davis,50,Female,Married,Sales,Sales Manager,Master's,Life Sciences,2,1,0,25,Travel_Rarely,80232,INR,17,3,3,3,2,Yes,1,Job Portal,Hybrid,3,7,2,0,Excellent,2,20,No
784,Nia Kim,34,Male,Married,Human Resources,HR Manager,Master's,Human Resources,3,1,2,15,Travel_Rarely,77243,INR,20,3,4,4,4,No,3,LinkedIn,Hybrid,3,10,1,2,Good,3,3,No
785,Linda Smith,39,Male,Single,Sales,Sales Manager,High School,Human Resources,7,2,1,10,Non-Travel,84415,INR,18,3,3,3,4,No,1,Campus Hiring,On-site,7,6,0,2,Good,3,8,No
786,Nia Ali,47,Female,Married,Marketing,Marketing Manager,Bachelor's,Marketing,0,0,1,24,Travel_Rarely,67116,INR,24,3,4,3,2,Yes,0,LinkedIn,Hybrid,3,4,0,0,Good,3,16,Yes
787,Linda Ali,37,Male,Married,Research & Development,Laboratory Technician,Bachelor's,Technical Degree,1,0,5,29,Non-Travel,16292,INR,13,3,3,1,3,No,4,Consultancy,On-site,4,4,1,0,Excellent,0,5,No
788,Raj Martin,49,Male,Divorced,Marketing,Marketing Manager,High School,Medical,2,1,4,18,Travel_Frequently,76596,INR,17,3,4,1,3,No,4,LinkedIn,On-site,5,4,0,1,Average,2,8,No
789,Olga Brown,43,Male,Married,Sales,Sales Representative,High School,Medical,1,0,3,1,Travel_Rarely,17115,INR,20,3,4,1,4,No,1,Job Portal,Hybrid,10,6,0,1,Good,0,16,No
790,Fatima Gupta,35,Male,Married,Sales,Sales Representative,Bachelor's,Technical Degree,6,4,1,13,Travel_Rarely,21902,INR,17,3,3,1,2,Yes,1,LinkedIn,Hybrid,9,2,1,2,Good,0,8,No
791,Linda Singh,38,Female,Married,IT,IT Support,High School,Medical,0,0,2,21,Travel_Rarely,16145,INR,14,4,3,4,3,No,1,Campus Hiring,Hybrid,7,5,0,0,Excellent,2,17,No
792,Raj Kumar,39,Female,Married,Research & Development,R&D Manager,Bachelor's,Medical,0,0,0,23,Travel_Frequently,97430,INR,21,3,3,3,3,No,1,LinkedIn,Hybrid,4,4,0,0,Excellent,1,23,No
793,Raj Nair,51,Female,Single,IT,Data Analyst,Bachelor's,Other,5,2,3,13,Travel_Frequently,53001,INR,12,3,1,3,3,No,1,LinkedIn,Hybrid,8,5,1,2,Good,1,11,No
794,Grace Wilson,38,Male,Single,Sales,Sales Representative,High School,Life Sciences,2,1,3,22,Travel_Rarely,16931,INR,12,3,3,3,4,Yes,5,Referral,Remote,4,8,0,1,Needs Improvement,1,10,No
795,Robert Anderson,25,Male,Divorced,Human Resources,HR Recruiter,Bachelor's,Technical Degree,7,6,2,21,Travel_Frequently,25762,INR,12,4,2,3,3,Yes,4,Consultancy,Hybrid,6,2,1,2,Needs Improvement,1,23,No
796,Yusuf Sharma,31,Male,Married,Finance,Accountant,Bachelor's,Human Resources,13,6,2,25,Travel_Rarely,45915,INR,13,3,4,4,3,No,2,Walk-in,Hybrid,10,1,1,5,Good,3,6,No
797,Amit Singh,32,Female,Married,Research & Development,Laboratory Technician,High School,Marketing,10,9,1,23,Travel_Rarely,22626,INR,17,3,4,3,3,No,2,Consultancy,Remote,10,2,1,3,Needs Improvement,0,11,No
798,Grace Martin,43,Female,Married,Finance,Finance Manager,PhD,Marketing,3,2,2,26,Travel_Rarely,114959,INR,20,3,3,4,1,No,2,Walk-in,Hybrid,4,8,0,1,Good,2,20,No
799,Ahmed Kumar,28,Female,Married,Research & Development,Laboratory Technician,Bachelor's,Medical,2,1,1,16,Travel_Rarely,16843,INR,18,3,3,3,1,No,2,Referral,On-site,9,9,0,1,Excellent,2,6,No
800,Kevin Ali,27,Male,Married,Research & Development,Laboratory Technician,Master's,Human Resources,5,3,2,27,Travel_Rarely,22848,INR,13,3,3,2,3,Yes,2,Job Portal,Hybrid,6,6,0,1,Good,3,11,No
801,Carlos Kumar,39,Male,Single,Research & Development,Manufacturing Director,Bachelor's,Other,17,13,3,2,Travel_Rarely,305327,INR,24,3,3,4,3,No,1,Job Portal,On-site,12,12,1,5,Good,2,4,No
802,Fatima Nair,45,Female,Married,Human Resources,HR Manager,Master's,Marketing,6,2,0,16,Travel_Rarely,99069,INR,21,3,4,3,3,Yes,2,Consultancy,On-site,5,7,2,2,Good,2,9,No
803,Raj Clark,44,Male,Single,Research & Development,Research Scientist,Bachelor's,Other,1,0,2,14,Travel_Frequently,45262,INR,11,3,3,2,2,Yes,5,Referral,Remote,2,6,0,0,Needs Improvement,0,12,Yes
804,Ben Ali,44,Male,Married,IT,IT Support,Bachelor's,Other,9,8,0,27,Non-Travel,28967,INR,14,3,4,1,3,No,3,Job Portal,On-site,8,5,0,4,Average,2,10,No
805,Amit Nair,28,Male,Married,Marketing,Marketing Executive,Bachelor's,Medical,3,2,4,12,Travel_Frequently,25388,INR,13,4,2,3,1,No,4,LinkedIn,On-site,1,4,0,2,Average,1,24,No
806,Chen Khan,41,Female,Married,Marketing,Content Strategist,Bachelor's,Human Resources,0,0,1,12,Travel_Frequently,27565,INR,24,3,4,4,2,No,0,Consultancy,On-site,2,10,0,1,Good,2,17,No
807,Priya Ali,27,Male,Married,Sales,Sales Representative,Bachelor's,Marketing,7,6,2,10,Travel_Frequently,24282,INR,12,3,1,3,3,No,1,Walk-in,On-site,7,8,1,2,Needs Improvement,4,13,No
808,Priya Sharma,36,Male,Single,Research & Development,Laboratory Technician,Master's,Life Sciences,3,1,3,23,Travel_Rarely,20004,INR,21,3,2,4,2,No,3,Referral,Hybrid,4,5,1,2,Good,0,19,No
809,Lucy Ali,28,Female,Married,Marketing,Marketing Executive,Bachelor's,Marketing,1,0,3,20,Travel_Rarely,23918,INR,12,3,2,4,1,No,2,Referral,On-site,7,2,1,1,Good,1,6,Yes
810,Robert Rodriguez,45,Male,Married,Sales,Sales Representative,Master's,Life Sciences,7,4,2,29,Non-Travel,24794,INR,20,4,4,1,4,No,4,LinkedIn,On-site,4,5,1,2,Good,1,7,No
811,John Singh,26,Male,Single,Finance,Finance Manager,Bachelor's,Human Resources,2,0,0,9,Travel_Rarely,90774,INR,13,3,2,4,4,Yes,0,Referral,Hybrid,5,6,2,0,Excellent,2,24,No
812,Ravi Kim,21,Female,Married,Finance,Finance Manager,Bachelor's,Life Sciences,0,0,2,22,Travel_Rarely,81685,INR,15,3,3,4,2,No,3,Referral,On-site,2,9,0,1,Good,1,19,No
813,Emma Singh,44,Male,Married,Sales,Sales Manager,Bachelor's,Human Resources,1,0,1,17,Travel_Rarely,64542,INR,18,3,1,3,3,No,1,LinkedIn,Hybrid,4,5,0,1,Excellent,1,3,Yes
814,Sofia Khan,37,Male,Married,Sales,Sales Executive,Master's,Life Sciences,0,0,3,13,Travel_Frequently,25203,INR,18,3,3,2,3,No,3,Referral,On-site,3,5,0,1,Excellent,5,11,No
815,Nia Anderson,41,Male,Married,Marketing,Marketing Manager,Master's,Technical Degree,23,12,0,13,Travel_Rarely,145160,INR,17,3,4,2,3,No,3,Job Portal,On-site,14,5,0,5,Average,3,20,No
816,Ahmed Rodriguez,48,Female,Divorced,Sales,Sales Manager,Bachelor's,Other,9,7,5,7,Travel_Rarely,97617,INR,20,3,3,4,2,Yes,3,LinkedIn,On-site,7,5,3,4,Good,1,4,No
817,Kevin Sharma,29,Female,Married,Human Resources,HR Recruiter,Bachelor's,Human Resources,5,2,5,9,Travel_Rarely,22613,INR,22,3,3,2,4,No,1,LinkedIn,Remote,4,4,3,1,Good,0,14,No
818,Wei Wilson,38,Male,Married,Human Resources,HR Executive,Master's,Human Resources,20,19,1,10,Non-Travel,40024,INR,16,3,4,3,3,Yes,5,Campus Hiring,Remote,12,9,2,5,Good,4,12,No
819,Anjali Brown,46,Male,Married,IT,IT Support,PhD,Technical Degree,10,8,1,2,Travel_Rarely,38423,INR,24,4,3,3,2,No,1,Campus Hiring,On-site,11,7,0,4,Excellent,1,22,No
820,Wei Lee,45,Female,Single,IT,IT Support,PhD,Marketing,7,6,3,5,Non-Travel,32124,INR,15,4,1,2,3,Yes,0,Consultancy,Remote,7,9,2,3,Average,2,3,Yes
821,David Martin,25,Female,Divorced,Sales,Sales Representative,Bachelor's,Life Sciences,0,0,1,10,Travel_Rarely,16576,INR,15,3,4,3,4,No,3,Job Portal,Hybrid,3,5,0,0,Good,2,3,No
822,Grace Anderson,36,Male,Married,Finance,Financial Analyst,Bachelor's,Marketing,12,6,1,4,Travel_Rarely,63279,INR,12,3,4,3,3,Yes,4,LinkedIn,Remote,11,8,4,5,Good,1,24,No
823,Lucy Ali,33,Male,Married,Sales,Sales Manager,Bachelor's,Medical,12,10,1,10,Travel_Rarely,115166,INR,17,3,2,4,3,No,2,Job Portal,On-site,8,5,0,5,Good,2,22,No
824,Chen Lee,30,Male,Divorced,Research & Development,R&D Manager,High School,Marketing,2,1,4,10,Travel_Rarely,115130,INR,19,3,3,3,3,No,4,Job Portal,Remote,8,5,2,1,Average,2,9,No
825,Ben Garcia,20,Male,Married,Finance,Financial Analyst,High School,Marketing,2,1,3,18,Travel_Rarely,34425,INR,17,3,2,2,3,No,4,Walk-in,On-site,2,10,0,0,Average,2,17,No
826,Sofia Anderson,49,Male,Married,Sales,Sales Manager,Bachelor's,Life Sciences,1,0,6,3,Non-Travel,64131,INR,20,3,4,3,2,No,2,Referral,On-site,4,2,0,1,Average,2,15,No
827,Aisha Nair,28,Female,Married,Marketing,Marketing Executive,Bachelor's,Human Resources,3,2,1,7,Travel_Rarely,25328,INR,16,3,3,1,2,Yes,3,Consultancy,Hybrid,4,7,0,2,Good,2,21,No
828,Maria Gupta,20,Male,Married,Sales,Sales Representative,PhD,Marketing,2,1,4,25,Travel_Rarely,22182,INR,19,4,4,3,1,No,0,Job Portal,Remote,5,6,1,0,Average,0,6,No
829,Anjali Nair,38,Female,Married,Research & Development,R&D Manager,Master's,Human Resources,8,2,1,19,Travel_Rarely,172988,INR,18,3,3,3,3,No,5,Referral,On-site,9,5,3,3,Average,2,17,No
830,Fatima Khan,34,Male,Married,Sales,Sales Representative,PhD,Technical Degree,3,1,1,29,Non-Travel,24079,INR,21,3,4,2,3,No,1,LinkedIn,Hybrid,4,4,2,1,Good,1,5,No
831,Wei Rodriguez,35,Female,Divorced,Research & Development,Manufacturing Director,Master's,Marketing,3,2,1,4,Non-Travel,205183,INR,24,3,1,2,2,No,0,Walk-in,Hybrid,6,5,2,2,Good,1,21,No
832,John Kumar,46,Female,Married,Marketing,Marketing Manager,Master's,Human Resources,6,4,3,11,Travel_Frequently,107949,INR,24,3,4,2,3,Yes,0,Walk-in,On-site,9,10,1,3,Average,1,19,No
833,John Kim,40,Male,Married,Sales,Sales Manager,Master's,Medical,2,0,2,19,Travel_Frequently,80172,INR,22,3,3,2,4,Yes,2,Walk-in,Remote,2,11,2,1,Good,0,16,No
834,Wei Kim,31,Female,Married,Marketing,Content Strategist,Bachelor's,Life Sciences,4,2,2,22,Travel_Rarely,35527,INR,14,3,4,1,1,Yes,5,Referral,Remote,6,8,0,1,Average,1,6,No
835,Raj Singh,26,Male,Married,Human Resources,HR Manager,High School,Life Sciences,6,2,4,23,Travel_Rarely,82401,INR,11,3,4,4,3,Yes,1,Referral,Hybrid,4,5,0,3,Average,5,24,No
836,Chen Khan,41,Male,Single,Finance,Finance Manager,Bachelor's,Technical Degree,2,0,1,4,Travel_Rarely,93649,INR,20,3,4,1,1,No,2,Referral,On-site,6,9,0,1,Good,1,18,No
837,Anjali Anderson,58,Male,Married,IT,IT Support,Bachelor's,Medical,6,2,1,8,Travel_Rarely,24538,INR,14,3,1,3,3,No,2,LinkedIn,On-site,8,6,0,3,Good,1,16,No
838,Lucy Khan,45,Male,Married,Human Resources,HR Executive,Bachelor's,Other,7,4,2,13,Travel_Frequently,28004,INR,14,3,1,2,4,No,5,Job Portal,Remote,11,7,2,3,Average,4,22,No
839,Ben Rodriguez,23,Female,Married,Finance,Accountant,Bachelor's,Marketing,0,0,1,24,Non-Travel,21030,INR,13,3,2,4,1,No,5,Campus Hiring,Hybrid,6,2,0,0,Good,0,8,Yes
840,Ahmed Anderson,37,Female,Single,Sales,Sales Manager,High School,Marketing,0,0,3,27,Travel_Rarely,57211,INR,23,3,4,3,3,No,2,Referral,On-site,1,7,0,0,Good,1,11,No
841,Ben Johnson,54,Male,Single,IT,IT Support,Master's,Life Sciences,5,2,2,13,Travel_Rarely,27230,INR,15,3,4,2,1,No,0,Referral,On-site,8,6,0,1,Average,4,13,No
842,Olga Singh,42,Female,Single,Sales,Sales Manager,Bachelor's,Marketing,0,0,2,2,Travel_Rarely,62333,INR,20,3,3,3,3,No,2,Job Portal,On-site,2,7,0,0,Needs Improvement,0,13,No
843,Ravi Davis,35,Male,Single,Research & Development,Laboratory Technician,Bachelor's,Life Sciences,12,6,2,18,Travel_Rarely,25968,INR,22,3,4,2,1,No,5,Referral,On-site,12,9,1,4,Average,0,17,No
844,Ahmed Sharma,47,Female,Married,Sales,Sales Manager,Bachelor's,Technical Degree,2,1,2,2,Non-Travel,66677,INR,18,3,3,3,3,No,0,Campus Hiring,Remote,3,3,0,1,Average,2,23,No
845,Olga Gupta,42,Male,Single,Research & Development,Manufacturing Director,PhD,Human Resources,12,3,1,12,Travel_Rarely,346126,INR,15,3,4,3,2,No,4,Job Portal,Hybrid,9,4,0,5,Good,2,23,No
846,David Wilson,28,Male,Single,Sales,Sales Manager,Master's,Marketing,2,1,2,4,Travel_Rarely,80544,INR,11,3,3,1,3,No,4,Consultancy,Hybrid,5,1,0,0,Excellent,3,15,No
847,Lucy Clark,45,Male,Single,Research & Development,Manufacturing Director,Bachelor's,Life Sciences,4,1,0,27,Travel_Rarely,198582,INR,19,3,3,1,3,Yes,2,Job Portal,Remote,9,5,0,1,Average,1,9,No
848,Ben Clark,29,Female,Single,Sales,Sales Manager,Bachelor's,Marketing,3,1,2,12,Travel_Rarely,73417,INR,17,3,4,2,3,No,5,Campus Hiring,On-site,6,8,2,2,Good,1,5,No
849,Raj Johnson,43,Female,Married,Marketing,Marketing Executive,High School,Life Sciences,0,0,1,10,Travel_Frequently,19798,INR,20,4,1,3,1,Yes,0,LinkedIn,Hybrid,2,11,0,1,Good,0,10,Yes
850,Lucy Ali,34,Male,Single,Marketing,Content Strategist,Bachelor's,Technical Degree,1,0,4,27,Non-Travel,30614,INR,19,3,4,2,3,Yes,5,Referral,Hybrid,1,6,0,0,Average,4,3,No
851,Carlos Brown,42,Male,Married,IT,IT Support,Bachelor's,Human Resources,1,0,2,9,Travel_Rarely,20111,INR,21,3,4,3,4,No,5,LinkedIn,Remote,5,5,0,0,Good,2,4,No
852,Sara Brown,35,Male,Married,Research & Development,R&D Manager,PhD,Marketing,16,11,1,16,Travel_Rarely,256127,INR,14,3,1,4,3,No,5,Walk-in,On-site,12,7,1,5,Good,0,9,No
853,Grace Rodriguez,37,Female,Divorced,Research & Development,Laboratory Technician,Bachelor's,Technical Degree,3,2,3,21,Travel_Rarely,18049,INR,20,3,2,3,2,No,1,Job Portal,On-site,4,5,1,2,Average,1,23,No
854,Emma Garcia,44,Male,Divorced,IT,Data Analyst,Master's,Medical,2,1,1,17,Non-Travel,41795,INR,23,3,3,3,4,Yes,1,Consultancy,Hybrid,5,8,0,0,Good,2,24,No
855,Olga Rodriguez,42,Female,Married,Research & Development,R&D Manager,Bachelor's,Medical,0,0,2,6,Travel_Rarely,105458,INR,16,4,4,4,2,Yes,3,Referral,On-site,2,4,0,0,Good,1,4,No
856,Sofia Brown,36,Female,Married,Sales,Sales Manager,Bachelor's,Medical,11,7,3,6,Travel_Rarely,115507,INR,22,3,3,1,4,No,1,Job Portal,Hybrid,6,5,6,4,Average,2,12,No
857,James Khan,32,Male,Married,Sales,Sales Executive,Bachelor's,Life Sciences,3,2,3,4,Travel_Rarely,26540,INR,18,3,1,3,4,No,4,LinkedIn,Hybrid,4,10,3,1,Good,3,16,No
858,Olga Sharma,27,Male,Single,Human Resources,HR Executive,Master's,Technical Degree,1,0,5,5,Travel_Rarely,23475,INR,23,3,4,1,4,Yes,0,Job Portal,Hybrid,2,5,1,0,Needs Improvement,1,19,No
859,Aisha Anderson,44,Male,Single,Sales,Sales Executive,Bachelor's,Human Resources,1,0,4,13,Travel_Rarely,23024,INR,12,3,4,3,3,Yes,2,Walk-in,On-site,5,3,1,1,Good,3,21,No
860,Aisha Clark,40,Male,Single,Human Resources,HR Executive,Master's,Human Resources,0,0,2,7,Non-Travel,20902,INR,14,3,2,2,3,No,4,Walk-in,On-site,2,3,0,0,Average,1,17,No
861,Nia Ali,32,Female,Married,IT,System Administrator,High School,Other,1,0,2,26,Travel_Rarely,27797,INR,13,3,2,3,3,Yes,3,Campus Hiring,On-site,1,5,1,1,Good,1,19,Yes
862,David Anderson,24,Male,Single,IT,Software Engineer,Bachelor's,Technical Degree,6,1,2,25,Non-Travel,79080,INR,11,3,3,4,3,No,3,Referral,On-site,6,11,0,3,Good,0,6,No
863,Priya Johnson,28,Male,Single,Finance,Finance Manager,Bachelor's,Medical,1,0,2,27,Travel_Rarely,83741,INR,11,4,2,4,3,No,3,LinkedIn,Hybrid,1,5,1,1,Good,3,21,No
864,Tom Clark,28,Male,Married,Research & Development,Laboratory Technician,Bachelor's,Marketing,10,4,1,10,Travel_Rarely,24207,INR,15,3,4,3,3,No,1,LinkedIn,On-site,8,6,0,3,Excellent,0,9,No
865,Fatima Johnson,42,Male,Married,IT,IT Support,Bachelor's,Human Resources,7,3,2,3,Travel_Rarely,28873,INR,14,3,2,3,3,No,5,Consultancy,Remote,7,5,4,2,Good,3,10,No
866,John Smith,20,Female,Divorced,Research & Development,R&D Manager,Bachelor's,Medical,2,1,3,22,Non-Travel,117389,INR,13,3,2,3,3,No,3,Consultancy,On-site,4,10,0,1,Average,1,8,No
867,Neha Smith,36,Male,Married,Research & Development,Research Scientist,Master's,Life Sciences,8,4,1,14,Travel_Rarely,71756,INR,19,3,1,3,1,No,4,LinkedIn,On-site,6,4,3,3,Good,0,6,No
868,Priya Ali,53,Male,Married,Research & Development,Manufacturing Director,Bachelor's,Technical Degree,0,0,2,25,Travel_Rarely,141061,INR,24,3,4,3,2,Yes,0,Referral,On-site,3,3,0,1,Average,0,13,No
869,Ben Clark,40,Female,Married,Sales,Sales Manager,High School,Human Resources,1,0,2,24,Travel_Rarely,62413,INR,24,3,3,4,3,No,3,LinkedIn,Hybrid,5,6,1,1,Good,5,13,No
870,Aisha Sharma,22,Female,Single,Sales,Sales Manager,Master's,Medical,1,0,3,9,Non-Travel,74323,INR,23,4,1,1,2,No,5,LinkedIn,Hybrid,6,5,0,1,Good,1,5,Yes
871,Olga Ali,45,Male,Single,Research & Development,Laboratory Technician,Bachelor's,Other,0,0,2,7,Travel_Rarely,15066,INR,11,3,2,4,2,No,5,LinkedIn,On-site,0,5,0,1,Average,1,23,No
872,Maria Johnson,37,Male,Married,IT,IT Support,Bachelor's,Other,0,0,1,17,Non-Travel,17464,INR,15,3,4,2,1,No,4,Consultancy,On-site,3,4,0,0,Average,2,20,No
873,Linda Rodriguez,45,Male,Married,Research & Development,Research Scientist,Bachelor's,Other,4,3,4,10,Travel_Rarely,54306,INR,18,4,4,3,2,No,4,LinkedIn,Hybrid,6,5,0,2,Good,1,4,No
874,Mary Davis,20,Male,Married,Research & Development,R&D Manager,Master's,Marketing,2,1,0,28,Travel_Rarely,127895,INR,22,3,2,4,3,No,4,Referral,On-site,7,7,0,1,Excellent,4,21,No
875,Mary Brown,41,Male,Married,Human Resources,HR Executive,Bachelor's,Human Resources,6,2,1,8,Travel_Rarely,27249,INR,21,3,3,2,4,No,4,Job Portal,On-site,7,8,4,2,Good,0,10,No
876,Sofia Wilson,46,Female,Single,Sales,Sales Manager,Bachelor's,Marketing,6,4,0,10,Travel_Rarely,89603,INR,19,4,2,3,3,Yes,1,LinkedIn,Hybrid,11,4,1,2,Average,2,5,No
877,Ben Davis,34,Female,Single,Finance,Financial Analyst,Bachelor's,Life Sciences,4,1,2,1,Travel_Rarely,40723,INR,24,3,3,4,3,No,0,Referral,On-site,6,4,1,1,Good,0,12,No
878,Ahmed Gupta,42,Male,Single,IT,Software Engineer,Bachelor's,Human Resources,0,0,3,14,Travel_Rarely,34508,INR,20,3,3,4,3,Yes,2,Referral,On-site,2,5,0,0,Good,2,16,No
879,Ahmed Lee,33,Female,Married,Sales,Sales Representative,Master's,Medical,2,1,4,16,Travel_Rarely,20262,INR,17,3,4,4,4,No,1,Job Portal,On-site,6,10,1,1,Average,1,4,No
880,Carlos Smith,30,Female,Married,IT,Data Analyst,High School,Human Resources,7,6,2,22,Travel_Rarely,59803,INR,21,3,3,3,3,No,3,LinkedIn,On-site,5,4,3,3,Good,5,13,No
881,Linda Sharma,38,Female,Married,IT,IT Support,Master's,Life Sciences,2,1,0,28,Travel_Frequently,23449,INR,16,3,4,4,2,No,0,Job Portal,On-site,8,4,1,1,Average,4,3,No
882,Olga Brown,51,Female,Married,Sales,Sales Representative,High School,Marketing,9,4,1,25,Travel_Rarely,23595,INR,22,3,2,3,1,Yes,5,Campus Hiring,Hybrid,8,7,0,3,Excellent,0,11,Yes
883,Mary Clark,48,Female,Married,Finance,Finance Manager,Bachelor's,Life Sciences,15,10,3,4,Travel_Rarely,159494,INR,24,4,3,3,4,No,3,Walk-in,On-site,9,7,1,5,Average,2,6,No
884,Yusuf Kumar,37,Female,Married,Marketing,Marketing Manager,Bachelor's,Marketing,5,4,5,11,Travel_Rarely,93136,INR,18,3,4,4,3,No,5,Walk-in,On-site,5,4,0,1,Needs Improvement,1,22,No
885,Grace Brown,39,Male,Married,Research & Development,Research Scientist,Master's,Human Resources,2,1,2,12,Travel_Frequently,54621,INR,15,3,2,4,3,No,5,Campus Hiring,On-site,5,5,0,0,Good,0,23,No
886,Wei Rodriguez,52,Male,Single,Finance,Finance Manager,High School,Marketing,2,1,1,25,Travel_Rarely,84253,INR,17,3,3,2,1,No,2,Job Portal,Hybrid,3,6,2,1,Good,3,9,No
887,Raj Garcia,20,Female,Married,Research & Development,Research Scientist,Bachelor's,Medical,0,0,6,2,Travel_Rarely,40332,INR,22,3,4,2,2,No,1,Campus Hiring,Hybrid,2,8,0,0,Good,1,10,No
888,Nia Ali,45,Female,Married,Research & Development,Laboratory Technician,High School,Medical,1,0,1,5,Travel_Rarely,15849,INR,15,3,2,2,3,No,1,Consultancy,On-site,5,6,1,1,Good,2,21,No
889,James Kim,39,Male,Married,Finance,Financial Analyst,High School,Technical Degree,4,3,2,14,Travel_Frequently,41967,INR,21,3,3,3,3,No,3,Referral,Remote,9,7,4,2,Average,1,23,No
890,Grace Sharma,48,Female,Single,Research & Development,Manufacturing Director,Bachelor's,Technical Degree,5,1,3,18,Travel_Rarely,214887,INR,12,4,3,3,2,No,0,Job Portal,Hybrid,8,5,1,1,Good,1,12,No
891,Priya Martin,27,Male,Single,Finance,Financial Analyst,Bachelor's,Other,7,3,1,7,Travel_Rarely,53658,INR,21,3,2,1,1,No,0,Campus Hiring,Hybrid,4,7,0,3,Average,0,22,No
892,Robert Smith,20,Female,Married,Research & Development,Laboratory Technician,High School,Technical Degree,2,1,3,7,Non-Travel,16150,INR,12,3,1,3,1,No,0,Campus Hiring,Remote,3,11,0,0,Average,0,21,Yes
893,Fatima Johnson,20,Male,Divorced,Research & Development,Laboratory Technician,Bachelor's,Other,2,0,3,26,Travel_Frequently,16913,INR,22,4,4,3,1,Yes,1,LinkedIn,On-site,5,6,0,1,Good,1,14,No
894,Nia Sharma,30,Male,Married,Sales,Sales Manager,Master's,Other,8,5,0,18,Non-Travel,104030,INR,18,3,4,3,4,No,5,Referral,Hybrid,6,3,1,3,Average,1,3,No
895,Sara Clark,45,Female,Single,Finance,Finance Manager,High School,Medical,1,0,2,9,Travel_Rarely,78262,INR,23,4,4,4,4,No,3,Referral,On-site,1,5,1,1,Average,3,21,No
896,Olga Kim,32,Male,Married,Marketing,Marketing Executive,Master's,Marketing,1,0,2,26,Travel_Frequently,25804,INR,20,3,3,4,2,No,3,Job Portal,Hybrid,6,4,0,0,Good,2,13,No
897,Tom Johnson,28,Male,Single,Sales,Sales Manager,High School,Life Sciences,0,0,0,15,Non-Travel,55086,INR,23,3,3,3,3,No,5,Job Portal,Hybrid,3,5,0,0,Good,0,24,No
898,Kevin Clark,37,Female,Married,IT,Software Engineer,Bachelor's,Marketing,3,1,2,17,Non-Travel,58928,INR,18,3,4,3,3,No,4,LinkedIn,On-site,4,7,1,1,Good,1,14,No
899,James Garcia,31,Male,Married,Sales,Sales Executive,Bachelor's,Technical Degree,10,9,2,29,Non-Travel,39313,INR,17,4,2,3,4,No,2,Job Portal,Hybrid,9,2,0,4,Good,0,8,No
900,Olga Singh,36,Female,Single,Sales,Sales Representative,Bachelor's,Technical Degree,3,2,0,26,Travel_Rarely,19387,INR,24,3,2,3,4,No,2,LinkedIn,On-site,5,3,1,1,Good,4,22,No
901,Kevin Garcia,20,Female,Divorced,IT,Software Engineer,Bachelor's,Medical,2,1,0,15,Non-Travel,48507,INR,12,3,2,4,4,No,5,Walk-in,On-site,3,4,2,0,Good,0,10,No
902,Ravi Rodriguez,33,Male,Married,Marketing,Marketing Manager,Master's,Other,2,1,2,7,Non-Travel,87107,INR,16,3,2,3,4,No,3,Walk-in,On-site,2,8,2,0,Good,0,24,No
903,Lucy Brown,32,Male,Married,Marketing,Marketing Manager,Bachelor's,Human Resources,11,5,4,21,Travel_Rarely,114178,INR,17,3,4,3,3,No,2,Campus Hiring,On-site,8,6,0,4,Needs Improvement,4,21,No
904,Maria Kim,33,Male,Married,Research & Development,R&D Manager,High School,Marketing,2,1,1,16,Travel_Rarely,113875,INR,16,3,4,4,3,Yes,1,Campus Hiring,Hybrid,10,8,1,1,Excellent,1,20,No
905,Sofia Smith,20,Female,Married,IT,System Administrator,High School,Life Sciences,2,1,3,17,Travel_Rarely,27350,INR,18,3,3,3,4,No,0,Walk-in,On-site,5,4,0,0,Average,2,7,No
906,Emma Nair,52,Female,Married,Finance,Financial Analyst,Master's,Life Sciences,3,1,3,3,Travel_Frequently,45433,INR,23,3,3,4,3,Yes,0,Consultancy,Hybrid,1,5,0,1,Good,3,17,No
907,Sara Nair,39,Male,Divorced,Finance,Accountant,Bachelor's,Human Resources,1,0,1,11,Travel_Frequently,22015,INR,11,3,4,3,4,No,5,Consultancy,On-site,9,6,1,0,Average,1,15,No
908,Amit Singh,45,Female,Married,IT,IT Support,PhD,Other,15,13,1,5,Travel_Rarely,43247,INR,12,3,3,2,3,Yes,0,Referral,On-site,11,4,0,5,Good,0,23,No
909,Aisha Garcia,31,Female,Divorced,Research & Development,R&D Manager,Bachelor's,Technical Degree,8,6,2,16,Travel_Rarely,161397,INR,18,3,3,2,2,Yes,0,Referral,On-site,4,2,2,2,Good,0,4,No
910,Sara Lee,37,Male,Divorced,Sales,Sales Executive,Bachelor's,Human Resources,1,0,1,5,Travel_Rarely,23534,INR,11,3,4,1,3,No,5,Walk-in,On-site,2,8,1,1,Good,1,12,No
911,Raj Davis,30,Female,Divorced,Sales,Sales Manager,Bachelor's,Life Sciences,12,8,2,14,Travel_Rarely,113488,INR,15,3,3,3,3,No,3,Campus Hiring,Remote,9,6,2,4,Good,1,11,No
912,Aisha Davis,25,Male,Married,Human Resources,HR Recruiter,Master's,Human Resources,1,0,3,12,Travel_Frequently,21562,INR,24,3,3,3,3,No,4,Referral,Hybrid,5,6,0,1,Good,0,21,No
913,Chen Singh,35,Male,Married,Finance,Financial Analyst,Bachelor's,Other,1,0,3,29,Travel_Frequently,33211,INR,16,3,3,4,3,Yes,1,Campus Hiring,Hybrid,3,3,1,0,Average,0,14,No
914,Yusuf Anderson,37,Female,Married,Marketing,Marketing Executive,Master's,Technical Degree,0,0,1,23,Non-Travel,23611,INR,11,3,1,2,1,No,1,Job Portal,Hybrid,3,2,0,0,Good,0,16,Yes
915,Olga Ali,41,Female,Married,Research & Development,Research Scientist,Master's,Other,15,5,3,15,Travel_Rarely,109464,INR,24,3,2,1,3,No,0,Referral,On-site,9,6,2,5,Excellent,2,3,No
916,Tom Wilson,52,Female,Married,Sales,Sales Manager,Bachelor's,Human Resources,6,5,3,25,Travel_Rarely,91387,INR,19,3,3,4,3,No,4,Job Portal,Hybrid,6,7,0,2,Good,1,21,No
917,Emma Brown,42,Female,Divorced,IT,Data Analyst,Master's,Human Resources,0,0,2,12,Travel_Rarely,33216,INR,21,3,3,4,3,No,3,Walk-in,On-site,6,7,0,0,Needs Improvement,2,19,No
918,Ahmed Kim,36,Female,Single,Research & Development,Research Scientist,High School,Medical,5,3,1,7,Non-Travel,53264,INR,19,3,3,2,3,No,2,LinkedIn,On-site,9,8,0,1,Good,2,5,No
919,David Smith,52,Male,Married,IT,System Administrator,Bachelor's,Human Resources,3,1,2,1,Travel_Rarely,33267,INR,21,3,3,3,3,No,4,Job Portal,Hybrid,11,7,1,2,Good,3,3,No
920,Neha Clark,36,Female,Single,Research & Development,Research Scientist,High School,Technical Degree,4,1,2,22,Travel_Rarely,50893,INR,21,3,3,4,1,No,2,Walk-in,Hybrid,6,4,2,1,Good,1,19,No
921,Raj Smith,33,Male,Single,Research & Development,Laboratory Technician,High School,Medical,3,1,4,22,Travel_Rarely,17120,INR,17,4,1,1,4,Yes,1,Referral,Hybrid,7,5,1,2,Excellent,0,16,No
922,Fatima Singh,32,Female,Single,Human Resources,HR Recruiter,Bachelor's,Other,9,4,1,25,Travel_Rarely,29284,INR,17,3,3,3,2,No,5,Job Portal,Hybrid,7,8,2,4,Average,4,18,No
923,Fatima Martin,24,Male,Single,Research & Development,Research Scientist,Master's,Technical Degree,0,0,2,10,Travel_Frequently,44781,INR,21,3,3,3,4,No,2,LinkedIn,Hybrid,7,5,0,1,Good,3,16,No
924,Ravi Rodriguez,56,Male,Married,Research & Development,Laboratory Technician,Master's,Marketing,0,0,1,15,Travel_Frequently,15518,INR,23,3,4,3,1,No,4,LinkedIn,On-site,9,7,0,0,Average,0,9,No
925,Sofia Singh,36,Male,Divorced,Human Resources,HR Recruiter,Bachelor's,Marketing,5,4,4,24,Non-Travel,24341,INR,13,4,4,3,2,No,5,Referral,On-site,5,3,0,1,Good,0,4,No
926,David Kim,29,Male,Married,Research & Development,Manufacturing Director,Master's,Other,0,0,2,23,Travel_Rarely,167690,INR,21,3,4,4,4,No,3,Campus Hiring,On-site,3,9,0,1,Average,0,10,No
927,Linda Brown,31,Male,Single,Sales,Sales Executive,High School,Marketing,0,0,2,3,Non-Travel,21661,INR,17,3,3,2,2,No,5,Referral,Remote,3,3,0,0,Good,1,8,No
928,Sara Wilson,28,Male,Single,Marketing,Marketing Executive,Master's,Other,0,0,2,5,Travel_Frequently,25159,INR,19,3,2,3,3,Yes,0,Consultancy,On-site,0,4,0,0,Average,2,15,Yes
929,Lucy Clark,38,Female,Single,IT,System Administrator,Master's,Life Sciences,20,11,5,25,Travel_Frequently,68532,INR,13,3,3,3,2,Yes,1,Job Portal,On-site,14,1,2,5,Good,2,9,No
930,Tom Brown,25,Female,Married,IT,Software Engineer,Bachelor's,Technical Degree,4,1,1,29,Travel_Frequently,66349,INR,17,3,3,4,3,No,3,Referral,On-site,3,9,0,1,Excellent,2,19,No
931,Carlos Anderson,49,Female,Divorced,Research & Development,R&D Manager,Master's,Human Resources,2,1,2,7,Travel_Rarely,121611,INR,21,3,4,2,1,No,5,LinkedIn,Hybrid,6,4,2,0,Average,1,5,No
932,John Johnson,21,Female,Divorced,Research & Development,Research Scientist,Bachelor's,Technical Degree,3,2,0,13,Travel_Frequently,53823,INR,11,3,3,2,4,No,0,LinkedIn,Hybrid,7,4,3,2,Good,2,18,No
933,Lucy Kim,35,Male,Single,Sales,Sales Executive,High School,Life Sciences,9,8,2,15,Travel_Rarely,33541,INR,19,3,4,4,3,No,3,Job Portal,Hybrid,6,12,5,4,Good,2,20,No
934,Kevin Brown,38,Female,Divorced,Finance,Finance Manager,Master's,Medical,0,0,3,3,Travel_Rarely,84887,INR,24,3,4,2,3,Yes,1,Referral,On-site,4,7,0,1,Good,2,22,No
935,Sofia Rodriguez,53,Male,Single,IT,System Administrator,High School,Other,5,1,1,3,Travel_Rarely,37436,INR,12,3,4,4,4,Yes,5,Referral,Remote,5,7,3,1,Average,3,24,No
936,Tom Singh,35,Female,Married,Finance,Accountant,Master's,Marketing,4,2,4,6,Non-Travel,28819,INR,14,3,2,4,3,No,5,LinkedIn,On-site,2,7,0,1,Average,2,4,No
937,Yusuf Kumar,45,Male,Single,Research & Development,Laboratory Technician,High School,Life Sciences,2,0,3,11,Non-Travel,16272,INR,23,3,2,3,4,No,4,Campus Hiring,Hybrid,4,10,1,1,Good,2,20,No
938,Tom Rodriguez,37,Female,Single,Sales,Sales Manager,Master's,Life Sciences,8,7,1,28,Travel_Rarely,108799,INR,21,3,3,4,2,No,1,Referral,On-site,12,8,4,2,Average,3,24,No
939,Aisha Wilson,24,Male,Single,Sales,Sales Manager,Bachelor's,Technical Degree,1,0,0,19,Travel_Rarely,63055,INR,18,4,1,4,3,Yes,1,Job Portal,Hybrid,2,9,1,1,Needs Improvement,0,13,Yes
940,Lucy Clark,32,Male,Married,Sales,Sales Manager,Bachelor's,Life Sciences,2,1,0,12,Travel_Rarely,65696,INR,23,3,4,3,3,No,0,Job Portal,On-site,6,4,0,1,Good,0,17,No
941,Chen Nair,31,Male,Married,Research & Development,Laboratory Technician,PhD,Marketing,7,4,3,26,Travel_Rarely,25134,INR,13,4,4,2,2,No,2,Job Portal,Hybrid,5,7,1,3,Good,1,17,No
942,Neha Davis,47,Female,Single,Research & Development,Laboratory Technician,High School,Other,12,5,1,14,Travel_Rarely,26104,INR,12,3,4,2,4,No,5,Referral,On-site,8,6,2,4,Average,3,12,No
943,Robert Johnson,32,Male,Married,Research & Development,R&D Manager,Master's,Other,7,5,1,23,Travel_Rarely,167926,INR,12,3,3,4,4,No,5,Campus Hiring,Hybrid,12,9,3,3,Average,2,8,No
944,James Ali,24,Female,Married,Research & Development,R&D Manager,Bachelor's,Other,3,2,1,18,Travel_Rarely,128935,INR,14,4,4,4,3,No,1,Referral,Hybrid,4,5,2,1,Average,1,20,No
945,Priya Lee,49,Male,Single,Sales,Sales Executive,High School,Other,1,0,4,2,Non-Travel,22027,INR,18,4,4,4,2,No,2,LinkedIn,On-site,3,10,0,1,Excellent,1,19,No
946,James Nair,39,Male,Married,Finance,Accountant,PhD,Medical,7,2,0,18,Travel_Rarely,41540,INR,13,3,4,4,2,No,4,Job Portal,Hybrid,7,6,1,2,Good,0,24,No
947,Anjali Patel,45,Male,Married,Marketing,Marketing Executive,Bachelor's,Other,2,1,1,10,Non-Travel,24871,INR,22,3,2,3,3,Yes,1,Consultancy,On-site,8,3,0,0,Average,2,13,No
948,Yusuf Sharma,35,Male,Divorced,Research & Development,Laboratory Technician,PhD,Human Resources,2,1,0,14,Travel_Rarely,21173,INR,12,3,2,3,4,Yes,4,Referral,Hybrid,5,5,1,0,Good,0,19,No
949,Linda Johnson,45,Male,Divorced,Human Resources,HR Executive,Bachelor's,Marketing,1,0,1,2,Travel_Rarely,21798,INR,17,3,4,1,3,No,4,Job Portal,On-site,6,6,1,0,Good,1,13,No
950,Sofia Gupta,40,Male,Single,IT,System Administrator,Bachelor's,Other,6,3,0,21,Non-Travel,42739,INR,22,3,3,2,1,No,1,Consultancy,On-site,8,4,0,3,Good,2,19,No
951,Robert Smith,43,Male,Divorced,Research & Development,Laboratory Technician,Bachelor's,Technical Degree,17,5,5,9,Travel_Rarely,30981,INR,13,3,4,3,2,Yes,5,LinkedIn,On-site,12,5,4,5,Excellent,0,6,No
952,Sara Singh,48,Female,Single,Sales,Sales Executive,High School,Technical Degree,2,1,2,25,Travel_Rarely,23048,INR,13,4,3,4,2,No,4,Job Portal,On-site,8,7,2,0,Needs Improvement,1,17,No
953,David Gupta,35,Male,Married,Research & Development,R&D Manager,Master's,Medical,1,0,1,15,Travel_Frequently,124845,INR,21,3,4,4,3,Yes,1,Job Portal,On-site,4,8,0,1,Good,2,21,No
954,Tom Nair,33,Female,Married,Finance,Accountant,High School,Other,0,0,3,16,Travel_Rarely,19783,INR,20,4,3,4,1,Yes,0,LinkedIn,Remote,7,4,0,0,Good,1,19,Yes
955,Yusuf Khan,41,Female,Married,Research & Development,Manufacturing Director,Master's,Other,0,0,1,8,Non-Travel,164451,INR,11,4,3,2,1,No,5,LinkedIn,Hybrid,3,4,0,1,Good,1,4,No
956,Robert Rodriguez,37,Female,Divorced,Finance,Finance Manager,Bachelor's,Marketing,1,0,2,22,Travel_Rarely,87739,INR,16,3,3,3,3,No,4,LinkedIn,Hybrid,2,5,0,1,Average,0,8,No
957,David Rodriguez,36,Male,Married,Sales,Sales Manager,Master's,Technical Degree,0,0,3,23,Travel_Rarely,66771,INR,17,4,2,4,2,No,3,Campus Hiring,Hybrid,4,9,0,1,Average,2,10,Yes
958,Olga Rodriguez,48,Male,Married,Sales,Sales Manager,Master's,Marketing,5,2,2,10,Travel_Rarely,93645,INR,17,4,4,3,3,No,3,Job Portal,On-site,8,3,5,1,Average,1,9,No
959,Aisha Rodriguez,31,Male,Single,Research & Development,Manufacturing Director,Master's,Medical,8,3,6,2,Travel_Frequently,267045,INR,24,3,4,3,2,No,3,LinkedIn,Remote,5,13,5,3,Average,0,4,No
960,Kevin Kumar,50,Male,Married,IT,Data Analyst,Bachelor's,Marketing,8,7,2,8,Travel_Rarely,66953,INR,24,3,2,3,2,Yes,1,Referral,On-site,7,7,1,3,Good,1,4,Yes
961,Mary Kumar,31,Male,Single,Sales,Sales Representative,Master's,Technical Degree,0,0,1,1,Travel_Rarely,17802,INR,17,3,4,4,4,No,4,Job Portal,Hybrid,3,7,0,1,Good,1,18,No
962,Nia Gupta,51,Male,Divorced,Research & Development,Research Scientist,Bachelor's,Medical,3,1,1,23,Travel_Rarely,48863,INR,17,4,4,3,3,No,0,LinkedIn,On-site,8,5,0,2,Good,1,7,No
963,Chen Patel,43,Male,Married,Marketing,Marketing Executive,Bachelor's,Marketing,6,5,2,25,Travel_Rarely,29604,INR,16,3,3,4,3,No,2,LinkedIn,On-site,8,10,0,3,Good,0,4,No
964,James Clark,31,Male,Single,Human Resources,HR Recruiter,High School,Life Sciences,13,11,0,7,Travel_Frequently,29335,INR,24,4,2,3,4,No,0,Job Portal,On-site,11,4,1,5,Excellent,0,13,No
965,Chen Patel,36,Female,Married,Finance,Finance Manager,PhD,Marketing,1,0,0,13,Travel_Rarely,103491,INR,13,3,2,2,1,Yes,3,Job Portal,On-site,1,4,1,1,Average,2,13,Yes
966,David Rodriguez,56,Male,Married,Research & Development,Laboratory Technician,Master's,Technical Degree,3,2,3,10,Travel_Rarely,18731,INR,17,3,4,2,2,No,2,Job Portal,Hybrid,5,14,0,2,Good,2,15,No
967,Chen Singh,41,Male,Single,IT,System Administrator,Bachelor's,Technical Degree,7,4,1,22,Non-Travel,45332,INR,17,3,1,3,3,No,2,LinkedIn,On-site,8,5,0,3,Excellent,0,7,No
968,Tom Nair,29,Male,Married,IT,Data Analyst,Bachelor's,Technical Degree,0,0,2,9,Travel_Rarely,30359,INR,21,3,2,2,2,No,5,Campus Hiring,On-site,8,9,0,1,Needs Improvement,1,12,No
969,Emma Gupta,34,Male,Divorced,IT,Data Analyst,Bachelor's,Medical,0,0,2,4,Non-Travel,30629,INR,24,3,3,3,4,Yes,1,Referral,Hybrid,1,7,0,1,Good,1,17,No
970,Olga Singh,43,Female,Married,Finance,Accountant,Bachelor's,Other,1,0,2,15,Travel_Rarely,21724,INR,12,3,4,1,4,Yes,5,Job Portal,On-site,3,6,1,1,Good,1,3,No
971,Neha Martin,20,Male,Single,Research & Development,Manufacturing Director,Bachelor's,Human Resources,1,0,3,17,Travel_Rarely,154685,INR,18,4,4,3,4,Yes,0,Referral,Remote,7,8,1,0,Average,3,16,No
972,Grace Nair,20,Male,Single,Research & Development,Research Scientist,Master's,Human Resources,2,1,3,6,Travel_Rarely,51531,INR,18,3,3,4,4,No,2,Referral,Remote,6,6,2,1,Excellent,1,8,No
973,Wei Martin,39,Female,Single,Research & Development,Laboratory Technician,Bachelor's,Life Sciences,2,0,0,26,Travel_Rarely,16196,INR,11,3,3,2,3,No,1,LinkedIn,Hybrid,8,4,0,1,Good,2,14,No
974,James Patel,34,Male,Married,Sales,Sales Representative,Bachelor's,Other,4,1,4,4,Travel_Rarely,20626,INR,18,3,4,2,3,Yes,2,Job Portal,On-site,3,6,1,1,Good,2,23,No
975,Carlos Martin,30,Female,Divorced,Human Resources,HR Executive,Bachelor's,Technical Degree,6,3,3,17,Non-Travel,28177,INR,11,3,3,4,3,Yes,1,Referral,On-site,4,6,0,3,Average,1,22,No
976,Anjali Sharma,29,Female,Married,Sales,Sales Manager,Bachelor's,Technical Degree,2,1,1,22,Travel_Frequently,65482,INR,19,4,2,4,4,No,3,Job Portal,On-site,6,4,2,0,Average,2,8,No
977,Sara Brown,26,Female,Married,Research & Development,R&D Manager,Bachelor's,Marketing,7,6,3,22,Travel_Frequently,155018,INR,19,3,2,4,3,Yes,2,Walk-in,Hybrid,8,4,0,2,Average,2,6,No
978,Aisha Singh,56,Male,Single,Finance,Accountant,Master's,Medical,0,0,3,15,Non-Travel,22870,INR,14,3,4,4,2,No,4,Referral,On-site,5,6,0,0,Average,4,12,No
979,Fatima Wilson,48,Female,Divorced,Research & Development,Manufacturing Director,Bachelor's,Life Sciences,5,4,0,5,Non-Travel,213385,INR,14,3,4,4,2,No,5,Job Portal,Remote,6,6,1,1,Needs Improvement,1,22,No
980,Olga Nair,36,Male,Single,Sales,Sales Executive,PhD,Human Resources,1,0,1,23,Non-Travel,26683,INR,17,3,2,3,3,No,0,Referral,On-site,2,3,1,0,Average,0,12,No
981,Linda Johnson,36,Female,Single,Research & Development,Laboratory Technician,Bachelor's,Other,1,0,4,16,Travel_Rarely,16947,INR,19,3,2,4,4,No,4,Job Portal,On-site,3,7,1,0,Excellent,1,4,No
982,Sofia Martin,29,Male,Divorced,Finance,Financial Analyst,Master's,Marketing,0,0,4,18,Travel_Rarely,33614,INR,18,4,4,4,3,No,2,Referral,Hybrid,3,9,0,1,Good,1,6,No
983,Ben Anderson,60,Male,Married,Research & Development,Research Scientist,Bachelor's,Human Resources,4,3,2,7,Travel_Rarely,52072,INR,21,3,1,2,3,No,4,LinkedIn,Hybrid,3,6,1,1,Good,3,10,No
984,Kevin Garcia,42,Female,Married,Research & Development,Research Scientist,Bachelor's,Marketing,1,0,2,8,Travel_Rarely,45678,INR,14,4,4,3,4,No,2,LinkedIn,Hybrid,4,8,1,0,Excellent,1,15,No
985,David Brown,45,Male,Single,IT,System Administrator,High School,Life Sciences,4,3,2,18,Travel_Rarely,34860,INR,16,3,4,3,2,Yes,0,Campus Hiring,On-site,5,7,0,1,Good,0,16,No
986,Raj Singh,28,Male,Divorced,Research & Development,Research Scientist,Bachelor's,Other,10,6,5,9,Non-Travel,75437,INR,24,3,3,3,3,Yes,3,Referral,Hybrid,11,2,2,3,Good,1,8,No
987,James Clark,38,Female,Married,IT,Software Engineer,Master's,Human Resources,0,0,0,20,Travel_Rarely,38010,INR,23,3,4,3,3,No,4,Campus Hiring,Remote,4,4,0,1,Good,0,5,No
988,Emma Clark,41,Male,Divorced,IT,IT Support,Master's,Human Resources,9,5,2,14,Travel_Rarely,31491,INR,22,3,1,4,4,No,1,Consultancy,On-site,7,6,0,3,Needs Improvement,0,23,No
989,Robert Johnson,32,Male,Married,Research & Development,Research Scientist,Bachelor's,Life Sciences,10,9,2,18,Non-Travel,74539,INR,23,3,2,4,1,No,4,LinkedIn,On-site,8,5,6,4,Excellent,0,21,No
990,David Brown,29,Male,Married,Sales,Sales Executive,Bachelor's,Human Resources,1,0,2,3,Travel_Frequently,22533,INR,22,3,2,3,2,No,1,LinkedIn,Remote,4,5,1,0,Good,2,5,No
991,Yusuf Brown,34,Male,Married,Sales,Sales Representative,Bachelor's,Life Sciences,3,1,2,13,Travel_Frequently,18136,INR,13,3,3,3,3,No,1,Walk-in,Hybrid,8,9,0,1,Good,1,14,No
992,Priya Khan,49,Female,Married,Research & Development,Laboratory Technician,High School,Marketing,9,3,3,25,Travel_Rarely,21664,INR,24,3,4,1,4,Yes,0,LinkedIn,Hybrid,7,2,3,3,Good,3,14,No
993,Lucy Ali,26,Male,Single,Finance,Accountant,Master's,Human Resources,3,1,2,24,Travel_Rarely,26883,INR,18,3,4,4,2,Yes,0,Campus Hiring,On-site,4,5,2,2,Average,0,13,No
994,Aisha Ali,24,Male,Married,Human Resources,HR Executive,Bachelor's,Life Sciences,2,1,1,5,Travel_Rarely,22567,INR,13,3,3,4,4,No,5,Referral,Hybrid,8,4,2,0,Average,0,10,No
995,Lucy Kumar,31,Female,Married,Sales,Sales Manager,Master's,Other,1,0,0,13,Travel_Rarely,72126,INR,16,3,4,4,1,No,5,Referral,Remote,5,5,1,0,Good,1,17,No
996,Tom Martin,41,Male,Married,Sales,Sales Executive,Bachelor's,Marketing,6,2,0,19,Travel_Rarely,31435,INR,23,3,3,4,3,No,2,Referral,Hybrid,6,10,1,3,Average,1,6,No
997,Fatima Sharma,29,Female,Single,Research & Development,Research Scientist,Master's,Technical Degree,5,3,2,6,Travel_Rarely,64382,INR,14,3,4,1,2,Yes,0,LinkedIn,Hybrid,12,6,0,1,Excellent,3,9,No
998,Robert Nair,30,Female,Married,Sales,Sales Representative,Bachelor's,Life Sciences,0,0,1,4,Travel_Frequently,15091,INR,14,3,3,4,2,No,4,LinkedIn,On-site,3,8,0,0,Needs Improvement,0,12,No
999,Sara Nair,43,Male,Married,Research & Development,Manufacturing Director,Bachelor's,Human Resources,6,5,2,15,Non-Travel,207688,INR,23,4,3,4,2,No,4,Referral,Remote,8,3,2,2,Average,1,14,No
1000,John Gupta,46,Female,Married,Sales,Sales Executive,Bachelor's,Technical Degree,15,12,1,15,Travel_Frequently,43271,INR,16,3,1,4,4,Yes,2,Consultancy,Hybrid,10,5,0,5,Needs Improvement,3,8,No
1001,Maria Gupta,53,Female,Married,Finance,Accountant,Bachelor's,Marketing,0,0,2,1,Travel_Rarely,20187,INR,11,3,3,2,3,No,3,Job Portal,On-site,7,7,0,0,Excellent,3,8,No
1002,Kevin Kumar,32,Male,Married,IT,Software Engineer,High School,Technical Degree,8,5,1,7,Travel_Rarely,82182,INR,16,3,2,3,3,Yes,2,Consultancy,Hybrid,12,7,0,3,Good,2,22,No
1003,Priya Kumar,41,Female,Married,Research & Development,R&D Manager,Master's,Technical Degree,4,1,1,28,Travel_Rarely,145247,INR,19,4,2,3,4,No,4,Walk-in,Hybrid,3,5,4,1,Good,1,23,No
1004,Anjali Singh,27,Male,Single,Finance,Finance Manager,High School,Life Sciences,1,0,1,18,Travel_Rarely,81852,INR,20,3,4,2,3,Yes,5,LinkedIn,Hybrid,2,2,1,0,Average,2,5,No
1005,Linda Nair,47,Male,Divorced,Research & Development,Laboratory Technician,Bachelor's,Medical,28,13,3,10,Travel_Rarely,30846,INR,23,4,4,2,1,No,2,Referral,On-site,21,4,0,5,Good,0,7,No
1006,Chen Martin,52,Female,Single,Sales,Sales Executive,High School,Life Sciences,8,2,1,10,Travel_Rarely,31542,INR,24,3,4,1,3,Yes,1,Referral,On-site,10,4,0,2,Good,0,15,No
1007,Tom Sharma,32,Female,Divorced,Marketing,Marketing Executive,Master's,Medical,14,5,0,17,Travel_Rarely,43689,INR,20,3,3,1,3,No,4,Job Portal,Hybrid,10,9,0,5,Average,2,12,No
1008,Lucy Kim,52,Female,Single,Research & Development,Laboratory Technician,Bachelor's,Marketing,7,6,1,26,Travel_Rarely,23046,INR,14,4,3,1,3,No,5,Campus Hiring,Hybrid,6,9,0,3,Good,2,3,No
1009,Sofia Nair,39,Female,Single,Marketing,Content Strategist,Master's,Marketing,6,5,7,26,Travel_Rarely,47573,INR,21,3,2,4,3,No,2,Job Portal,Hybrid,10,7,0,2,Excellent,1,13,No
1010,Grace Smith,20,Male,Married,Marketing,Content Strategist,Bachelor's,Marketing,1,0,3,16,Travel_Rarely,31833,INR,22,3,1,2,4,No,2,Walk-in,Remote,3,5,0,0,Average,0,13,No
1011,David Kim,41,Female,Divorced,Research & Development,R&D Manager,High School,Life Sciences,1,0,0,25,Non-Travel,105287,INR,16,3,4,3,3,Yes,4,Referral,Hybrid,5,3,0,1,Good,2,10,No
1012,Tom Patel,32,Female,Single,Sales,Sales Manager,PhD,Life Sciences,4,2,2,15,Travel_Rarely,94224,INR,22,4,4,2,2,No,2,Referral,Remote,7,3,1,1,Average,1,4,No
1013,Raj Khan,29,Female,Married,Finance,Accountant,Bachelor's,Technical Degree,1,0,2,7,Travel_Rarely,23115,INR,15,3,1,1,2,No,5,Consultancy,Hybrid,4,11,0,0,Average,0,23,Yes
1014,Yusuf Khan,52,Male,Married,Sales,Sales Representative,Master's,Marketing,14,7,2,9,Travel_Rarely,32429,INR,16,3,1,2,3,No,1,Referral,Hybrid,13,6,1,4,Average,1,9,No
1015,Mary Ali,40,Female,Married,Sales,Sales Manager,Bachelor's,Life Sciences,0,0,5,21,Travel_Rarely,62545,INR,15,3,4,4,3,No,0,Campus Hiring,On-site,4,5,0,0,Average,1,19,No
1016,Linda Lee,22,Male,Divorced,Research & Development,Laboratory Technician,High School,Other,2,1,3,16,Travel_Rarely,16632,INR,18,3,2,4,3,No,1,Job Portal,Hybrid,5,7,2,0,Good,0,10,No
1017,Kevin Davis,45,Male,Married,IT,System Administrator,Bachelor's,Medical,2,1,0,21,Non-Travel,30160,INR,18,3,1,3,4,No,0,Walk-in,On-site,7,10,2,1,Needs Improvement,0,3,No
1018,Grace Gupta,31,Male,Married,Research & Development,Manufacturing Director,Bachelor's,Medical,6,5,0,9,Travel_Frequently,214964,INR,11,3,2,3,3,Yes,0,Walk-in,Hybrid,6,9,3,2,Average,2,23,No
1019,Nia Ali,20,Male,Single,Research & Development,Laboratory Technician,High School,Medical,2,1,0,22,Travel_Rarely,16979,INR,12,3,3,3,4,No,0,LinkedIn,Hybrid,6,2,2,0,Good,1,24,No
1020,David Brown,28,Male,Married,Research & Development,Research Scientist,High School,Human Resources,5,4,1,26,Travel_Rarely,58045,INR,20,4,3,3,2,No,4,LinkedIn,On-site,9,4,5,2,Average,1,21,No
1021,Ahmed Martin,42,Female,Single,Marketing,Marketing Manager,High School,Marketing,7,6,2,16,Travel_Frequently,99049,INR,11,3,4,2,4,No,3,Consultancy,Hybrid,4,4,1,3,Good,5,24,No
1022,Ravi Smith,38,Male,Married,Sales,Sales Representative,Bachelor's,Other,4,2,0,12,Travel_Rarely,21423,INR,16,4,3,1,3,No,2,LinkedIn,Hybrid,7,8,0,1,Average,1,14,No
1023,John Smith,31,Female,Single,Human Resources,HR Recruiter,Master's,Life Sciences,2,1,4,14,Travel_Rarely,22023,INR,19,3,3,4,3,No,0,Referral,Hybrid,6,8,0,0,Average,3,16,No
1024,Ravi Patel,31,Female,Single,Finance,Accountant,Bachelor's,Technical Degree,0,0,3,22,Travel_Frequently,19543,INR,21,3,4,2,4,Yes,0,Campus Hiring,On-site,7,3,0,1,Good,0,21,No
1025,Ravi Sharma,32,Female,Single,Sales,Sales Representative,Bachelor's,Marketing,14,5,0,17,Travel_Rarely,32309,INR,18,4,3,4,3,No,1,Campus Hiring,On-site,10,8,2,5,Good,2,21,No
1026,Nia Davis,40,Male,Married,Finance,Finance Manager,Bachelor's,Medical,11,10,3,23,Travel_Rarely,140913,INR,24,3,3,2,4,No,2,Consultancy,On-site,7,12,0,4,Excellent,1,11,No
1027,Neha Wilson,31,Male,Married,Marketing,Marketing Manager,Bachelor's,Medical,5,1,3,27,Travel_Frequently,93304,INR,24,3,3,4,3,No,0,Job Portal,Hybrid,5,5,0,1,Excellent,2,17,No
1028,Ben Garcia,36,Male,Married,Research & Development,Laboratory Technician,Bachelor's,Other,10,4,2,24,Non-Travel,25346,INR,15,3,3,4,3,Yes,2,LinkedIn,Hybrid,7,11,1,4,Excellent,2,16,No
1029,Anjali Singh,24,Female,Single,Research & Development,Manufacturing Director,Master's,Other,6,4,0,24,Travel_Rarely,243708,INR,11,3,2,3,3,No,1,Referral,On-site,6,8,2,3,Good,0,18,No
1030,Sara Gupta,52,Male,Married,Sales,Sales Manager,Bachelor's,Marketing,0,0,2,15,Travel_Frequently,62282,INR,13,3,3,4,3,No,1,LinkedIn,Remote,2,3,0,1,Good,0,6,No
1031,Maria Kim,36,Male,Single,Sales,Sales Manager,Bachelor's,Life Sciences,0,0,3,1,Travel_Frequently,56607,INR,24,3,3,2,4,No,4,Campus Hiring,Hybrid,2,8,0,1,Needs Improvement,1,6,No
1032,Nia Brown,35,Female,Single,Sales,Sales Executive,Master's,Medical,0,0,1,11,Travel_Rarely,23716,INR,12,3,3,4,2,No,0,Consultancy,Remote,4,7,0,1,Needs Improvement,3,20,No
1033,Ravi Khan,31,Male,Single,Sales,Sales Manager,Master's,Marketing,9,3,1,22,Travel_Rarely,106574,INR,14,3,4,3,1,No,4,Campus Hiring,On-site,7,3,3,4,Good,4,5,No
1034,Chen Martin,38,Male,Divorced,Sales,Sales Manager,PhD,Medical,4,2,2,5,Travel_Frequently,94360,INR,15,3,3,4,3,No,4,Job Portal,On-site,3,5,1,1,Average,0,22,No
1035,John Anderson,33,Male,Divorced,Research & Development,Research Scientist,Master's,Human Resources,3,1,1,22,Travel_Rarely,53223,INR,15,4,4,3,2,Yes,5,Referral,On-site,4,7,0,2,Average,1,21,No
1036,Raj Sharma,20,Male,Married,IT,IT Support,Master's,Life Sciences,2,1,4,7,Travel_Rarely,23025,INR,14,3,1,4,3,No,3,Walk-in,On-site,2,1,0,0,Excellent,1,8,No
1037,Aisha Singh,47,Male,Single,Marketing,Content Strategist,Master's,Marketing,4,2,2,18,Travel_Rarely,40045,INR,20,3,4,4,4,Yes,5,Referral,On-site,10,5,0,1,Good,3,11,No
1038,Nia Kumar,48,Male,Married,Sales,Sales Representative,High School,Other,4,1,2,11,Travel_Frequently,20248,INR,12,3,2,3,2,No,4,Consultancy,Hybrid,8,5,2,1,Excellent,4,11,No
1039,Yusuf Kumar,45,Female,Married,Sales,Sales Executive,Master's,Life Sciences,27,24,2,2,Travel_Rarely,50319,INR,17,4,3,3,3,Yes,4,Referral,Hybrid,21,1,2,5,Excellent,2,7,No
1040,Ben Lee,28,Female,Married,Research & Development,Manufacturing Director,Bachelor's,Marketing,10,7,5,6,Travel_Rarely,262138,INR,17,4,4,2,1,Yes,3,Job Portal,On-site,8,7,6,3,Good,2,10,No
1041,Amit Clark,50,Male,Single,Research & Development,Manufacturing Director,Bachelor's,Human Resources,3,1,3,4,Travel_Rarely,193124,INR,11,3,1,4,3,No,0,Job Portal,Hybrid,4,9,3,2,Average,1,22,No
1042,Nia Lee,37,Male,Married,Marketing,Marketing Manager,Master's,Human Resources,0,0,3,19,Travel_Rarely,80448,INR,18,3,2,1,2,No,5,Consultancy,Hybrid,2,7,0,1,Average,2,10,No
1043,Maria Nair,35,Male,Married,Research & Development,Research Scientist,Bachelor's,Human Resources,16,5,1,28,Travel_Rarely,91110,INR,23,3,2,4,4,No,0,LinkedIn,On-site,11,5,1,5,Average,2,19,No
1044,John Smith,28,Male,Married,Finance,Finance Manager,Bachelor's,Medical,0,0,2,17,Travel_Rarely,75200,INR,15,3,4,3,3,Yes,2,LinkedIn,On-site,2,3,0,1,Good,4,11,No
1045,Anjali Brown,32,Female,Married,Sales,Sales Manager,Bachelor's,Other,7,6,1,13,Travel_Frequently,91925,INR,12,3,1,4,2,No,5,LinkedIn,On-site,8,8,2,2,Excellent,1,8,No
1046,Priya Smith,33,Male,Single,Research & Development,Research Scientist,Master's,Life Sciences,0,0,1,11,Travel_Rarely,45814,INR,23,4,3,3,2,No,2,Job Portal,Hybrid,5,3,0,1,Excellent,3,7,No
1047,Mary Garcia,30,Female,Married,Research & Development,R&D Manager,Master's,Technical Degree,12,10,2,8,Travel_Rarely,209302,INR,18,4,2,3,2,No,0,Job Portal,On-site,10,5,7,4,Good,2,12,No
1048,Sofia Patel,36,Male,Married,Sales,Sales Manager,Master's,Technical Degree,5,2,2,22,Non-Travel,96611,INR,21,3,4,4,3,No,4,Campus Hiring,On-site,5,7,1,2,Needs Improvement,3,18,No
1049,Raj Gupta,39,Male,Single,Research & Development,R&D Manager,High School,Life Sciences,1,0,4,3,Travel_Rarely,100519,INR,22,4,2,3,2,Yes,0,Campus Hiring,Hybrid,3,7,1,1,Good,0,9,Yes
1050,Sara Ali,32,Male,Married,Sales,Sales Manager,Master's,Medical,0,0,0,22,Travel_Rarely,64348,INR,18,3,1,2,2,No,2,Referral,On-site,6,2,0,0,Good,1,13,Yes
1051,Kevin Ali,40,Male,Single,Finance,Accountant,High School,Life Sciences,4,3,0,14,Travel_Rarely,24789,INR,23,4,3,4,3,No,4,Job Portal,Hybrid,6,9,2,2,Good,1,15,No
1052,Wei Rodriguez,39,Female,Married,Sales,Sales Manager,Bachelor's,Life Sciences,0,0,4,12,Travel_Rarely,58629,INR,21,3,4,4,2,No,2,Campus Hiring,Hybrid,5,6,0,1,Average,2,13,No
1053,Ahmed Smith,21,Male,Single,IT,Data Analyst,Bachelor's,Marketing,3,0,3,17,Travel_Rarely,44950,INR,18,3,3,3,3,Yes,4,Consultancy,On-site,8,6,3,2,Needs Improvement,0,19,No
1054,Carlos Johnson,42,Male,Married,Research & Development,Manufacturing Director,High School,Medical,6,2,3,29,Travel_Rarely,195954,INR,14,3,2,4,4,No,4,Campus Hiring,On-site,4,4,0,2,Needs Improvement,3,7,No
1055,Sara Anderson,45,Female,Single,Sales,Sales Manager,Bachelor's,Technical Degree,0,0,1,5,Travel_Rarely,60693,INR,21,3,4,3,3,No,0,Campus Hiring,Hybrid,1,7,0,1,Average,2,18,No
1056,Olga Rodriguez,31,Female,Married,Research & Development,Laboratory Technician,Bachelor's,Technical Degree,2,1,2,27,Travel_Rarely,17798,INR,22,3,4,3,3,No,3,LinkedIn,Hybrid,9,6,2,1,Good,1,22,No
1057,Neha Brown,43,Male,Married,IT,Software Engineer,High School,Other,15,11,1,6,Travel_Rarely,133331,INR,23,4,3,4,3,No,0,LinkedIn,On-site,11,5,0,5,Excellent,1,23,No
1058,Carlos Lee,34,Female,Single,Sales,Sales Executive,Master's,Life Sciences,3,1,3,21,Travel_Frequently,29941,INR,24,3,3,4,4,No,3,Campus Hiring,On-site,7,8,0,1,Good,3,4,No
1059,Chen Nair,36,Male,Married,Sales,Sales Executive,High School,Medical,9,8,7,23,Travel_Rarely,32850,INR,22,3,2,2,3,Yes,4,Referral,Hybrid,10,5,2,4,Average,2,6,No
1060,Maria Johnson,32,Female,Single,Sales,Sales Executive,High School,Marketing,0,0,4,20,Travel_Rarely,21783,INR,14,3,4,3,3,Yes,4,Walk-in,On-site,6,4,0,1,Average,1,11,No
1061,Neha Rodriguez,50,Male,Married,Finance,Finance Manager,Master's,Technical Degree,6,5,3,18,Travel_Frequently,127010,INR,11,4,3,2,3,Yes,2,LinkedIn,Hybrid,13,5,2,3,Average,2,7,No
1062,Grace Rodriguez,54,Female,Married,Research & Development,Research Scientist,Master's,Other,4,2,4,26,Travel_Rarely,58809,INR,11,3,1,2,3,No,3,Referral,Remote,7,7,4,2,Average,2,3,No
1063,Wei Nair,24,Male,Single,Sales,Sales Representative,Bachelor's,Human Resources,2,0,2,6,Travel_Rarely,17302,INR,21,4,3,1,3,No,3,LinkedIn,Hybrid,7,2,0,0,Good,0,9,No
1064,Ben Lee,28,Female,Single,Research & Development,Research Scientist,Bachelor's,Human Resources,0,0,2,4,Travel_Rarely,38259,INR,17,3,3,4,3,Yes,3,LinkedIn,On-site,6,6,0,0,Good,2,19,Yes
1065,Fatima Brown,30,Male,Single,Human Resources,HR Executive,Master's,Other,0,0,2,29,Travel_Rarely,23049,INR,14,3,4,4,3,Yes,4,Walk-in,Hybrid,6,6,0,0,Needs Improvement,0,20,No
1066,Sara Ali,34,Male,Married,Research & Development,Research Scientist,Bachelor's,Medical,2,0,3,14,Non-Travel,45533,INR,14,3,4,1,3,No,3,LinkedIn,On-site,2,6,2,0,Excellent,1,11,No
1067,Wei Johnson,41,Male,Married,Sales,Sales Representative,Master's,Life Sciences,15,10,4,5,Travel_Rarely,35356,INR,14,3,2,3,2,No,4,LinkedIn,On-site,7,6,2,5,Excellent,1,22,No
1068,Sara Smith,47,Male,Divorced,Sales,Sales Manager,Master's,Human Resources,4,1,3,19,Travel_Rarely,82694,INR,13,4,3,2,2,No,0,LinkedIn,Hybrid,6,14,4,1,Good,0,19,No
1069,Robert Ali,32,Male,Married,Sales,Sales Representative,Bachelor's,Medical,1,0,2,21,Travel_Rarely,17027,INR,18,3,4,2,4,No,1,Campus Hiring,Remote,6,1,1,0,Good,1,12,No
1070,Olga Martin,52,Male,Married,Sales,Sales Representative,Bachelor's,Human Resources,9,3,4,29,Travel_Rarely,27107,INR,16,3,3,1,3,No,4,Campus Hiring,Hybrid,6,5,2,3,Average,1,21,No
1071,John Martin,30,Female,Married,Human Resources,HR Executive,High School,Medical,0,0,1,9,Travel_Rarely,19934,INR,11,4,3,3,4,Yes,0,Walk-in,On-site,7,4,0,0,Average,1,24,No
1072,Anjali Johnson,24,Male,Married,Research & Development,Laboratory Technician,Master's,Other,6,4,2,27,Non-Travel,21901,INR,17,3,2,2,4,No,0,Referral,Remote,10,7,0,3,Good,3,19,No
1073,Anjali Anderson,35,Male,Married,Finance,Accountant,Bachelor's,Technical Degree,2,1,5,24,Travel_Rarely,22983,INR,11,3,3,4,4,No,0,Job Portal,On-site,5,5,0,1,Good,1,23,No
1074,Mary Kim,44,Female,Married,IT,Software Engineer,Bachelor's,Human Resources,3,1,3,28,Travel_Rarely,54776,INR,13,3,2,4,3,No,1,Referral,Hybrid,5,4,2,1,Average,1,4,No
1075,Amit Nair,24,Male,Single,Human Resources,HR Recruiter,Master's,Life Sciences,0,0,0,5,Non-Travel,18833,INR,24,3,3,4,3,Yes,3,Job Portal,On-site,2,4,0,1,Excellent,0,5,Yes
1076,Priya Ali,46,Female,Married,Human Resources,HR Executive,Bachelor's,Human Resources,0,0,0,28,Travel_Rarely,19229,INR,24,3,4,4,3,No,4,Job Portal,On-site,5,6,0,0,Average,0,5,No
1077,Ben Martin,45,Male,Married,Sales,Sales Executive,Bachelor's,Medical,3,1,2,1,Travel_Rarely,25437,INR,18,4,3,4,4,Yes,4,Referral,Hybrid,6,5,0,1,Good,5,23,No
1078,Ben Khan,34,Female,Married,IT,Software Engineer,Bachelor's,Other,0,0,1,10,Travel_Rarely,35604,INR,16,3,3,2,2,Yes,2,Referral,Hybrid,2,3,0,1,Good,0,16,Yes
1079,Emma Davis,26,Male,Single,Sales,Sales Executive,Bachelor's,Medical,1,0,0,28,Travel_Rarely,24282,INR,13,4,1,1,3,No,1,Referral,On-site,3,8,1,0,Excellent,1,14,No
1080,Nia Nair,44,Female,Married,IT,Data Analyst,PhD,Medical,0,0,3,24,Travel_Frequently,34242,INR,11,3,3,3,2,No,1,Referral,On-site,3,4,0,1,Good,0,22,No
1081,Wei Wilson,43,Male,Single,Sales,Sales Executive,Master's,Human Resources,7,3,2,29,Travel_Rarely,34677,INR,18,3,1,2,4,No,4,Job Portal,On-site,6,6,7,2,Good,2,24,No
1082,Olga Smith,29,Female,Single,IT,Data Analyst,Bachelor's,Human Resources,6,4,2,11,Travel_Rarely,58200,INR,23,3,2,4,4,No,0,LinkedIn,Remote,6,5,2,3,Average,2,21,No
1083,Robert Ali,55,Male,Divorced,Sales,Sales Manager,Master's,Other,0,0,2,2,Travel_Frequently,66278,INR,20,3,4,4,1,No,3,Referral,Remote,5,5,0,0,Average,0,3,No
1084,Sofia Johnson,41,Female,Divorced,Finance,Finance Manager,High School,Marketing,2,1,4,16,Non-Travel,84487,INR,12,3,3,2,3,No,0,LinkedIn,On-site,8,7,2,1,Good,2,7,No
1085,Yusuf Singh,43,Male,Single,Research & Development,Laboratory Technician,Bachelor's,Technical Degree,2,1,2,9,Travel_Rarely,17228,INR,15,3,4,3,4,No,4,Referral,Hybrid,6,12,0,1,Good,3,15,No
1086,Raj Gupta,35,Female,Single,Research & Development,Manufacturing Director,Master's,Marketing,8,6,3,1,Travel_Rarely,255428,INR,13,3,4,4,3,No,5,Walk-in,Hybrid,6,7,0,2,Average,3,11,No
1087,Amit Brown,20,Male,Single,Sales,Sales Manager,High School,Technical Degree,2,1,2,8,Travel_Rarely,66341,INR,11,3,3,3,2,No,3,LinkedIn,Hybrid,5,6,0,0,Good,0,12,No
1088,Raj Martin,41,Female,Single,Sales,Sales Representative,Bachelor's,Other,8,4,0,11,Travel_Rarely,24689,INR,20,3,1,4,2,No,5,LinkedIn,On-site,8,5,0,2,Good,2,11,No
1089,Ravi Martin,28,Male,Single,Sales,Sales Representative,Master's,Human Resources,4,2,2,27,Travel_Frequently,21319,INR,20,3,1,4,3,Yes,2,LinkedIn,On-site,6,7,0,2,Good,0,8,No
1090,Linda Garcia,46,Male,Married,IT,Data Analyst,Bachelor's,Technical Degree,0,0,1,20,Travel_Rarely,28530,INR,17,3,1,4,3,No,1,Consultancy,Hybrid,1,2,0,1,Good,2,22,Yes
1091,Tom Wilson,44,Male,Single,Human Resources,HR Manager,Bachelor's,Life Sciences,2,0,1,15,Travel_Frequently,70101,INR,22,3,4,2,3,No,3,LinkedIn,Hybrid,8,6,0,1,Needs Improvement,1,7,No
1092,Mary Davis,35,Male,Married,Research & Development,Laboratory Technician,Bachelor's,Other,0,0,0,26,Travel_Frequently,14188,INR,12,3,2,3,3,No,3,Job Portal,Hybrid,4,5,0,1,Excellent,1,24,No
1093,Priya Patel,22,Male,Married,Research & Development,Research Scientist,Bachelor's,Other,0,0,2,8,Travel_Rarely,37757,INR,15,3,4,4,2,No,3,Referral,On-site,5,4,0,0,Excellent,5,7,No
1094,Kevin Wilson,49,Female,Single,IT,Software Engineer,Master's,Technical Degree,4,2,2,8,Travel_Rarely,72082,INR,20,4,4,3,2,No,3,Consultancy,Hybrid,8,5,0,2,Average,1,14,No
1095,Kevin Patel,35,Female,Single,Finance,Finance Manager,Master's,Human Resources,6,3,1,27,Travel_Frequently,123679,INR,22,3,2,2,3,Yes,2,LinkedIn,On-site,5,4,0,3,Good,3,19,No
1096,Yusuf Gupta,30,Male,Married,Marketing,Marketing Manager,Bachelor's,Other,4,2,3,4,Travel_Rarely,92009,INR,18,4,2,3,2,Yes,2,Referral,Remote,5,4,4,2,Average,1,14,Yes
1097,Maria Patel,39,Female,Married,Finance,Financial Analyst,High School,Human Resources,0,0,1,27,Travel_Rarely,27054,INR,12,3,2,2,3,No,4,Consultancy,On-site,2,5,0,1,Needs Improvement,3,10,No
1098,Fatima Khan,45,Male,Single,Finance,Finance Manager,Bachelor's,Human Resources,2,1,0,23,Travel_Rarely,93650,INR,22,3,3,3,4,Yes,4,Consultancy,Hybrid,9,5,0,0,Average,1,23,No
1099,Priya Clark,33,Male,Married,Sales,Sales Manager,Bachelor's,Human Resources,0,0,3,23,Travel_Rarely,60387,INR,15,4,3,4,3,No,1,Walk-in,Hybrid,4,8,0,0,Average,1,20,No
1100,Fatima Brown,38,Male,Married,Research & Development,Research Scientist,Bachelor's,Technical Degree,1,0,0,17,Travel_Frequently,41652,INR,15,3,3,2,4,Yes,1,LinkedIn,Hybrid,2,2,1,1,Average,2,18,No
1101,Raj Wilson,33,Male,Single,Finance,Finance Manager,High School,Other,5,4,2,3,Travel_Rarely,101455,INR,16,3,4,2,3,No,0,LinkedIn,On-site,8,6,5,2,Good,2,21,No
1102,Aisha Lee,27,Male,Single,Human Resources,HR Recruiter,High School,Human Resources,7,5,2,5,Travel_Rarely,24978,INR,18,3,2,4,3,No,4,Walk-in,Hybrid,8,7,7,3,Good,3,5,No
1103,Raj Khan,26,Male,Married,Sales,Sales Executive,High School,Life Sciences,8,4,1,20,Travel_Frequently,30961,INR,21,3,2,3,4,No,4,Job Portal,On-site,8,2,0,3,Excellent,0,5,No
1104,Neha Garcia,26,Female,Single,Sales,Sales Manager,Bachelor's,Technical Degree,8,5,2,20,Travel_Rarely,91917,INR,16,3,3,3,4,No,0,Consultancy,On-site,5,8,3,3,Average,0,17,No
1105,Grace Gupta,42,Male,Married,Research & Development,Laboratory Technician,High School,Other,5,3,0,3,Travel_Rarely,18390,INR,14,3,1,2,1,No,0,Job Portal,On-site,5,7,2,1,Good,1,10,No
1106,James Sharma,29,Male,Married,Research & Development,R&D Manager,Bachelor's,Life Sciences,8,6,4,17,Non-Travel,170010,INR,15,3,2,3,3,No,2,Job Portal,Hybrid,9,6,0,3,Excellent,3,9,No
1107,Wei Brown,31,Male,Married,Marketing,Content Strategist,Bachelor's,Marketing,7,6,1,24,Travel_Frequently,41842,INR,13,3,4,1,1,Yes,2,Job Portal,On-site,4,6,0,2,Average,5,15,No
1108,Carlos Johnson,42,Male,Single,Sales,Sales Representative,High School,Life Sciences,4,3,2,6,Travel_Rarely,20199,INR,21,3,1,3,4,No,1,Campus Hiring,Remote,7,4,0,2,Average,0,15,No
1109,Emma Ali,31,Male,Divorced,Sales,Sales Executive,Master's,Life Sciences,8,7,3,20,Non-Travel,36233,INR,12,3,1,3,4,Yes,1,Walk-in,On-site,9,7,0,3,Average,2,15,Yes
1110,Tom Davis,30,Female,Single,IT,IT Support,Bachelor's,Medical,11,8,1,17,Travel_Rarely,33048,INR,24,3,4,3,3,No,0,Campus Hiring,Hybrid,8,5,2,3,Good,2,11,No
1111,Nia Khan,39,Male,Married,Research & Development,Research Scientist,High School,Human Resources,0,0,1,8,Travel_Frequently,36456,INR,11,4,4,4,3,No,2,Consultancy,Hybrid,4,9,0,0,Needs Improvement,2,15,No
1112,Emma Singh,37,Male,Divorced,Marketing,Content Strategist,Bachelor's,Human Resources,19,17,3,26,Travel_Rarely,61577,INR,22,3,4,3,2,No,0,Referral,On-site,11,5,1,5,Good,1,18,No
1113,Neha Martin,49,Male,Married,Marketing,Marketing Executive,High School,Human Resources,5,2,1,28,Travel_Rarely,26871,INR,11,3,4,1,2,No,2,LinkedIn,Hybrid,6,5,0,1,Average,4,18,No
1114,Aisha Anderson,27,Male,Married,Marketing,Marketing Manager,Master's,Life Sciences,4,2,1,27,Travel_Rarely,102379,INR,22,3,4,4,1,No,0,LinkedIn,On-site,13,7,1,1,Average,1,18,No
1115,Aisha Gupta,46,Female,Married,Finance,Financial Analyst,Master's,Medical,1,0,1,26,Travel_Frequently,37071,INR,22,3,2,4,4,No,4,Walk-in,Remote,3,2,0,1,Average,2,24,No
1116,Robert Nair,38,Male,Single,Research & Development,Research Scientist,Master's,Other,11,9,3,10,Travel_Rarely,88228,INR,20,4,3,1,2,No,3,Job Portal,Remote,10,6,0,3,Excellent,1,11,No
1117,Neha Lee,22,Male,Married,Sales,Sales Manager,Master's,Medical,2,1,0,19,Travel_Frequently,78802,INR,19,3,2,1,3,Yes,5,LinkedIn,Remote,5,6,2,1,Average,3,3,No
1118,Grace Patel,43,Female,Single,Sales,Sales Manager,Bachelor's,Human Resources,3,2,1,17,Travel_Rarely,76731,INR,18,3,3,3,3,No,3,LinkedIn,On-site,6,6,0,1,Good,2,18,No
1119,Ravi Nair,35,Male,Single,Marketing,Marketing Manager,Bachelor's,Technical Degree,0,0,2,14,Travel_Frequently,72572,INR,17,3,4,2,4,No,3,Job Portal,Hybrid,5,1,0,1,Good,3,17,No
1120,Emma Wilson,34,Male,Married,IT,Software Engineer,Master's,Technical Degree,1,0,3,18,Travel_Rarely,44092,INR,18,3,4,4,3,Yes,1,Job Portal,Remote,3,4,1,1,Good,3,11,No
1121,Emma Anderson,29,Male,Divorced,Marketing,Marketing Executive,Bachelor's,Human Resources,3,2,1,5,Travel_Rarely,27101,INR,24,3,2,3,3,No,3,Consultancy,On-site,4,3,3,2,Excellent,2,18,No
1122,Tom Martin,32,Female,Married,Sales,Sales Executive,PhD,Medical,4,2,5,22,Travel_Rarely,33790,INR,11,3,3,2,3,Yes,3,Job Portal,Hybrid,7,6,2,2,Good,5,11,No
1123,Kevin Smith,31,Male,Single,IT,IT Support,PhD,Life Sciences,0,0,4,15,Travel_Rarely,21598,INR,17,3,4,1,2,No,2,Campus Hiring,On-site,2,8,0,0,Average,0,20,No
1124,Ravi Gupta,38,Female,Married,Human Resources,HR Manager,Master's,Human Resources,4,3,2,1,Travel_Rarely,90629,INR,20,3,4,3,3,No,4,Campus Hiring,On-site,8,6,0,1,Average,0,10,No
1125,Ahmed Lee,24,Male,Single,Research & Development,Laboratory Technician,Master's,Other,1,0,0,12,Non-Travel,17649,INR,13,3,4,4,1,No,4,Referral,Hybrid,5,3,0,0,Good,1,9,No
1126,Raj Clark,35,Female,Single,IT,Data Analyst,Bachelor's,Other,8,3,0,24,Travel_Rarely,61118,INR,16,3,2,4,3,No,0,Campus Hiring,On-site,9,3,1,2,Average,3,19,No
1127,Sofia Singh,35,Female,Divorced,Finance,Accountant,Bachelor's,Human Resources,1,0,1,10,Non-Travel,22009,INR,21,3,3,4,2,Yes,1,LinkedIn,On-site,4,8,1,0,Average,1,7,Yes
1128,Anjali Singh,20,Male,Married,Sales,Sales Executive,Master's,Life Sciences,1,0,2,21,Non-Travel,24807,INR,19,3,4,4,2,No,3,Consultancy,On-site,8,7,1,1,Good,1,16,No
1129,Neha Wilson,41,Female,Married,Research & Development,R&D Manager,High School,Human Resources,1,0,1,2,Travel_Rarely,96571,INR,21,3,3,2,2,No,4,Job Portal,On-site,4,3,1,1,Good,1,15,No
1130,Ahmed Kumar,25,Female,Married,Research & Development,Manufacturing Director,High School,Marketing,6,3,0,2,Travel_Rarely,212813,INR,14,3,1,3,2,Yes,0,Walk-in,Hybrid,6,9,4,2,Good,2,3,Yes
1131,Wei Davis,21,Male,Single,Research & Development,Research Scientist,Bachelor's,Marketing,3,1,4,16,Non-Travel,53155,INR,12,3,2,4,3,No,0,Job Portal,On-site,3,11,1,2,Good,1,8,No
1132,Ben Garcia,39,Male,Married,Human Resources,HR Recruiter,Bachelor's,Technical Degree,3,2,2,11,Travel_Frequently,21143,INR,11,3,4,3,3,No,0,Consultancy,Remote,6,12,0,1,Good,0,22,No
1133,Raj Smith,30,Female,Married,Research & Development,Manufacturing Director,High School,Marketing,4,2,3,13,Travel_Rarely,183800,INR,22,3,4,3,3,Yes,2,LinkedIn,On-site,11,5,4,2,Good,2,5,No
1134,Tom Gupta,44,Female,Married,Marketing,Marketing Executive,Bachelor's,Marketing,1,0,1,16,Travel_Frequently,22481,INR,12,3,3,3,3,No,3,Job Portal,Remote,0,6,1,1,Excellent,3,11,No
1135,Linda Johnson,25,Female,Single,Research & Development,Manufacturing Director,Bachelor's,Medical,1,0,1,9,Travel_Rarely,153424,INR,15,3,3,4,4,No,5,Campus Hiring,Hybrid,2,5,1,1,Good,0,6,No
1136,Anjali Anderson,30,Male,Single,Finance,Finance Manager,Bachelor's,Other,12,10,1,13,Travel_Rarely,151925,INR,18,3,4,4,3,No,3,LinkedIn,On-site,7,11,0,5,Good,0,8,No
1137,Nia Garcia,20,Female,Married,IT,Data Analyst,Bachelor's,Marketing,2,1,2,13,Travel_Rarely,40226,INR,20,3,4,2,3,No,4,Job Portal,On-site,6,2,2,1,Good,1,6,No
1138,Nia Patel,31,Male,Single,Sales,Sales Executive,Bachelor's,Other,6,2,3,14,Travel_Rarely,31777,INR,14,3,3,2,2,No,5,Campus Hiring,Remote,5,6,1,3,Good,2,9,No
1139,Yusuf Rodriguez,36,Male,Married,Research & Development,Laboratory Technician,Bachelor's,Human Resources,5,3,3,19,Travel_Frequently,20094,INR,20,3,1,1,4,No,2,LinkedIn,Hybrid,7,6,1,1,Average,0,15,No
1140,Anjali Wilson,45,Male,Single,Research & Development,Laboratory Technician,High School,Human Resources,4,3,2,21,Travel_Rarely,18999,INR,20,4,4,4,2,No,5,Walk-in,Hybrid,4,2,4,1,Good,1,23,No
1141,Olga Khan,44,Male,Married,Finance,Accountant,Bachelor's,Life Sciences,14,4,3,27,Travel_Rarely,43756,INR,19,3,4,4,3,No,1,Campus Hiring,Hybrid,12,12,0,5,Excellent,0,14,No
1142,Kevin Sharma,30,Male,Single,Research & Development,R&D Manager,High School,Human Resources,12,6,2,12,Travel_Rarely,187412,INR,16,3,4,4,2,No,1,Campus Hiring,On-site,12,4,4,5,Good,3,3,No
1143,Carlos Patel,28,Female,Married,Research & Development,Manufacturing Director,Bachelor's,Human Resources,5,4,1,7,Travel_Frequently,201558,INR,16,3,3,2,4,Yes,2,LinkedIn,Hybrid,7,9,5,2,Excellent,0,10,No
1144,Aisha Davis,41,Female,Single,Marketing,Marketing Executive,High School,Life Sciences,2,1,2,24,Non-Travel,22046,INR,19,4,4,4,4,No,2,Job Portal,Hybrid,6,3,2,0,Average,1,17,No
1145,Linda Davis,31,Male,Married,Sales,Sales Representative,High School,Human Resources,0,0,3,25,Travel_Rarely,15630,INR,21,3,3,4,2,Yes,1,LinkedIn,Hybrid,1,7,0,1,Good,3,13,Yes
1146,Sofia Brown,31,Male,Married,Research & Development,Manufacturing Director,High School,Other,8,5,2,4,Travel_Rarely,235212,INR,13,3,3,3,3,No,1,Job Portal,Hybrid,6,3,8,3,Excellent,1,12,No
1147,David Davis,25,Female,Single,Human Resources,HR Manager,High School,Life Sciences,5,4,1,14,Travel_Rarely,83724,INR,24,3,3,4,1,No,5,Job Portal,Hybrid,6,5,5,1,Good,3,3,No
1148,Anjali Ali,40,Female,Divorced,Research & Development,Research Scientist,Bachelor's,Human Resources,1,0,0,9,Travel_Rarely,42817,INR,24,4,3,3,3,Yes,4,Consultancy,Hybrid,11,6,1,1,Average,1,10,No
1149,Neha Singh,43,Female,Married,Sales,Sales Representative,High School,Human Resources,18,7,2,20,Travel_Rarely,31168,INR,20,4,1,2,2,No,1,LinkedIn,On-site,10,3,3,5,Average,1,6,No
1150,Grace Singh,39,Male,Married,Sales,Sales Executive,Master's,Medical,2,1,1,4,Travel_Rarely,27034,INR,22,3,4,4,3,Yes,3,LinkedIn,On-site,2,3,2,1,Good,0,11,No
1151,Ahmed Singh,51,Male,Single,Human Resources,HR Recruiter,High School,Other,8,7,3,22,Travel_Frequently,25392,INR,21,3,1,2,2,Yes,2,Consultancy,Hybrid,7,7,2,2,Excellent,1,23,Yes
1152,Nia Sharma,27,Male,Single,Marketing,Marketing Manager,Bachelor's,Marketing,1,0,1,27,Travel_Rarely,72346,INR,12,3,2,1,2,Yes,0,LinkedIn,On-site,5,9,1,1,Average,2,17,Yes
1153,Maria Rodriguez,31,Male,Married,Research & Development,Laboratory Technician,Bachelor's,Technical Degree,0,0,4,11,Travel_Rarely,15515,INR,16,3,4,3,3,No,4,LinkedIn,On-site,6,8,0,1,Good,1,17,No
1154,Emma Gupta,55,Female,Divorced,Sales,Sales Manager,Master's,Life Sciences,0,0,1,23,Travel_Rarely,64831,INR,16,3,3,4,2,Yes,5,LinkedIn,On-site,6,7,0,0,Excellent,2,21,Yes
1155,Raj Kumar,37,Male,Single,Research & Development,R&D Manager,PhD,Medical,8,3,1,29,Travel_Rarely,189706,INR,17,3,4,1,4,No,0,LinkedIn,Hybrid,11,1,0,2,Average,0,19,No
1156,Aisha Kim,42,Male,Married,Marketing,Marketing Manager,Bachelor's,Marketing,2,1,2,18,Travel_Rarely,78843,INR,18,3,4,3,2,Yes,4,Campus Hiring,On-site,5,8,1,1,Average,5,19,No
1157,Sara Martin,59,Male,Divorced,Research & Development,Research Scientist,High School,Technical Degree,10,3,5,21,Travel_Rarely,69310,INR,16,3,4,1,1,Yes,5,LinkedIn,On-site,8,9,2,3,Good,2,15,No
1158,Yusuf Patel,35,Male,Married,Sales,Sales Executive,PhD,Other,4,3,2,2,Travel_Rarely,33346,INR,14,3,3,4,2,Yes,3,LinkedIn,Hybrid,5,7,4,2,Excellent,1,12,No
1159,Ravi Garcia,46,Male,Married,Research & Development,Laboratory Technician,High School,Other,6,5,5,10,Non-Travel,20101,INR,11,3,3,3,1,No,2,Job Portal,On-site,5,8,0,3,Good,0,9,No
1160,Amit Rodriguez,42,Female,Divorced,Research & Development,Laboratory Technician,High School,Medical,5,4,4,24,Travel_Rarely,19657,INR,24,3,3,4,2,No,3,LinkedIn,Hybrid,8,4,0,1,Needs Improvement,1,8,No
1161,Emma Rodriguez,30,Female,Married,Research & Development,Research Scientist,Bachelor's,Life Sciences,10,9,0,23,Travel_Rarely,80040,INR,24,3,3,4,4,No,0,LinkedIn,On-site,12,7,0,3,Good,1,17,No
1162,Raj Khan,27,Male,Single,IT,System Administrator,PhD,Human Resources,6,3,0,28,Travel_Rarely,50947,INR,24,3,3,4,3,No,4,Campus Hiring,Remote,7,7,0,2,Average,2,23,No
1163,Chen Clark,35,Male,Married,Research & Development,R&D Manager,High School,Marketing,2,0,1,10,Travel_Rarely,108859,INR,14,3,4,4,4,No,2,LinkedIn,On-site,7,7,0,1,Average,1,7,No
1164,Yusuf Davis,45,Male,Married,Research & Development,Laboratory Technician,Bachelor's,Human Resources,2,1,2,17,Travel_Rarely,17429,INR,12,3,4,1,3,No,5,Job Portal,On-site,3,4,2,1,Excellent,2,20,No
1165,Carlos Ali,49,Female,Single,Research & Development,Laboratory Technician,PhD,Medical,2,0,0,11,Travel_Rarely,20126,INR,20,4,4,4,4,Yes,3,Referral,Remote,6,6,1,1,Excellent,1,11,No
1166,Amit Garcia,35,Male,Single,Research & Development,Laboratory Technician,Bachelor's,Marketing,0,0,5,19,Travel_Rarely,14910,INR,24,3,2,3,4,No,1,Campus Hiring,Hybrid,0,7,0,1,Good,1,6,No
1167,Carlos Clark,36,Female,Divorced,Sales,Sales Executive,Master's,Human Resources,1,0,2,16,Travel_Frequently,26770,INR,11,3,3,2,3,No,1,Walk-in,Hybrid,4,7,1,0,Excellent,3,3,No
1168,Olga Nair,49,Female,Married,IT,Software Engineer,Bachelor's,Medical,0,0,2,29,Travel_Rarely,36886,INR,19,3,3,3,3,No,0,Campus Hiring,Hybrid,1,8,0,1,Average,0,3,No
1169,Kevin Sharma,37,Male,Single,Human Resources,HR Recruiter,Master's,Other,4,3,2,26,Travel_Rarely,25497,INR,23,3,4,3,4,Yes,2,Consultancy,On-site,4,5,1,1,Needs Improvement,1,15,No
1170,Aisha Davis,50,Female,Single,Sales,Sales Executive,High School,Technical Degree,4,2,3,9,Travel_Rarely,26865,INR,15,3,2,3,3,Yes,3,Referral,On-site,8,4,2,2,Good,0,8,No
1171,Wei Wilson,35,Male,Married,Marketing,Marketing Executive,PhD,Marketing,6,2,4,3,Non-Travel,35491,INR,17,3,3,2,2,Yes,2,LinkedIn,Hybrid,7,12,0,2,Good,1,24,No
1172,Priya Ali,29,Male,Married,Human Resources,HR Recruiter,Bachelor's,Marketing,4,3,0,21,Travel_Rarely,22822,INR,12,3,2,4,3,No,4,Campus Hiring,Hybrid,5,7,0,2,Good,1,15,No
1173,Kevin Johnson,36,Female,Married,Research & Development,Manufacturing Director,Bachelor's,Human Resources,14,11,2,17,Travel_Rarely,318026,INR,15,4,3,4,4,Yes,2,LinkedIn,Remote,12,6,5,5,Good,2,17,No
1174,Raj Lee,29,Male,Single,Human Resources,HR Executive,Master's,Human Resources,0,0,0,6,Travel_Rarely,21990,INR,13,3,4,2,4,Yes,3,Consultancy,Hybrid,2,8,0,0,Good,1,19,No
1175,Maria Rodriguez,27,Male,Single,Research & Development,Manufacturing Director,Bachelor's,Other,0,0,5,25,Travel_Frequently,142887,INR,22,3,3,3,4,No,5,Campus Hiring,Hybrid,3,8,0,0,Average,0,21,No
1176,Maria Rodriguez,35,Female,Single,Marketing,Marketing Executive,High School,Human Resources,7,4,3,29,Travel_Rarely,31248,INR,20,3,3,4,3,Yes,3,Campus Hiring,Hybrid,7,10,1,2,Average,1,19,No
1177,James Sharma,41,Female,Married,IT,Software Engineer,Bachelor's,Medical,5,1,0,4,Travel_Rarely,73882,INR,18,3,1,1,4,Yes,3,Job Portal,Hybrid,5,5,0,2,Average,2,20,Yes
1178,Emma Nair,39,Male,Married,Marketing,Content Strategist,Bachelor's,Medical,13,10,2,2,Travel_Frequently,56314,INR,24,3,4,4,3,Yes,1,LinkedIn,On-site,10,8,1,4,Good,1,15,No
1179,Yusuf Kumar,20,Male,Single,Marketing,Content Strategist,Bachelor's,Technical Degree,2,1,7,7,Travel_Rarely,32220,INR,15,3,3,3,1,No,3,LinkedIn,Hybrid,4,5,2,1,Good,3,16,No
1180,Mary Johnson,34,Male,Married,Marketing,Content Strategist,Bachelor's,Other,9,7,2,29,Non-Travel,48627,INR,11,3,3,3,3,No,1,Campus Hiring,Hybrid,10,5,0,4,Excellent,2,16,No
1181,Carlos Martin,31,Female,Married,IT,Data Analyst,Bachelor's,Medical,12,7,2,14,Travel_Frequently,81196,INR,21,3,3,4,4,No,3,Job Portal,Hybrid,10,13,0,4,Good,1,12,No
1182,Sofia Clark,43,Female,Married,Research & Development,Laboratory Technician,Bachelor's,Medical,3,0,0,22,Travel_Frequently,17097,INR,13,4,4,2,4,No,3,Job Portal,On-site,8,3,0,1,Average,0,16,No
1183,Emma Rodriguez,60,Male,Single,Research & Development,Research Scientist,Bachelor's,Medical,0,0,1,7,Non-Travel,39986,INR,16,3,1,4,1,No,2,Consultancy,On-site,7,3,0,0,Average,3,9,Yes
1184,Robert Anderson,43,Female,Married,Human Resources,HR Manager,Master's,Life Sciences,3,2,3,28,Non-Travel,80026,INR,16,3,3,3,4,No,2,Job Portal,Hybrid,3,8,1,1,Average,1,9,No
1185,Maria Khan,29,Male,Married,IT,System Administrator,PhD,Technical Degree,0,0,3,26,Travel_Rarely,30459,INR,16,3,3,4,3,No,5,Job Portal,On-site,7,10,0,0,Good,1,22,No
1186,Wei Martin,36,Female,Single,Human Resources,HR Recruiter,Bachelor's,Technical Degree,4,3,1,1,Travel_Frequently,22341,INR,17,4,3,3,4,No,5,LinkedIn,Remote,5,3,4,1,Needs Improvement,2,24,No
1187,Priya Rodriguez,39,Female,Single,Research & Development,Manufacturing Director,Master's,Other,7,2,1,7,Travel_Frequently,263450,INR,16,3,3,4,2,No,0,LinkedIn,Hybrid,6,6,0,3,Average,1,24,No
1188,Carlos Ali,43,Male,Divorced,Research & Development,Research Scientist,Bachelor's,Life Sciences,0,0,2,5,Non-Travel,38613,INR,12,3,4,4,3,Yes,0,LinkedIn,Remote,3,13,0,0,Good,2,3,No
1189,Wei Johnson,46,Female,Married,Sales,Sales Representative,PhD,Technical Degree,1,0,2,21,Travel_Rarely,19543,INR,12,3,2,2,4,Yes,4,LinkedIn,On-site,6,8,0,0,Good,0,6,Yes
1190,Robert Khan,20,Male,Married,Finance,Finance Manager,Bachelor's,Technical Degree,2,1,2,19,Non-Travel,95970,INR,13,4,3,4,2,No,5,Consultancy,Hybrid,7,7,2,1,Excellent,3,8,No
1191,Grace Anderson,42,Male,Single,Research & Development,Laboratory Technician,Master's,Life Sciences,16,7,4,9,Travel_Rarely,31780,INR,21,3,3,3,2,Yes,4,Walk-in,Hybrid,14,4,0,5,Average,0,18,No
1192,Lucy Brown,43,Male,Divorced,Sales,Sales Manager,Bachelor's,Technical Degree,2,0,1,11,Travel_Rarely,66600,INR,15,3,3,1,4,No,1,Walk-in,Remote,5,4,2,1,Excellent,1,15,No
1193,James Johnson,24,Male,Married,Sales,Sales Representative,High School,Other,0,0,2,10,Travel_Rarely,15725,INR,12,3,3,4,3,No,1,Referral,On-site,9,9,0,0,Good,1,11,No
1194,John Khan,39,Male,Married,Sales,Sales Executive,Bachelor's,Life Sciences,2,1,0,6,Travel_Rarely,26353,INR,12,3,3,3,1,No,2,Referral,Hybrid,6,1,2,1,Needs Improvement,3,13,No
1195,Wei Lee,45,Male,Married,Human Resources,HR Executive,Bachelor's,Technical Degree,4,1,0,13,Travel_Rarely,25127,INR,20,3,4,1,2,No,1,Campus Hiring,Hybrid,3,13,2,2,Excellent,3,22,No
1196,Linda Gupta,43,Male,Single,Marketing,Content Strategist,Bachelor's,Technical Degree,7,2,0,8,Travel_Frequently,41643,INR,17,3,2,1,2,No,4,LinkedIn,Hybrid,5,4,0,3,Good,2,22,No
1197,Olga Nair,21,Female,Divorced,IT,Software Engineer,Master's,Other,2,1,2,22,Travel_Rarely,51612,INR,21,3,2,3,2,No,0,Job Portal,Remote,5,6,2,0,Average,3,15,No
1198,Aisha Rodriguez,30,Female,Single,Sales,Sales Representative,Master's,Life Sciences,11,8,1,1,Travel_Rarely,29577,INR,22,3,1,3,3,Yes,2,Job Portal,Hybrid,11,9,0,4,Good,0,5,No
1199,Olga Davis,24,Female,Married,Finance,Financial Analyst,Master's,Life Sciences,6,1,4,21,Travel_Rarely,51465,INR,23,3,1,3,3,Yes,2,Referral,Hybrid,5,12,0,2,Needs Improvement,1,12,Yes
1200,Chen Martin,48,Male,Married,Finance,Finance Manager,Master's,Medical,0,0,0,8,Travel_Rarely,87010,INR,16,3,3,4,3,Yes,1,Campus Hiring,Hybrid,4,8,0,1,Good,2,6,No
1201,Ahmed Patel,44,Female,Married,Human Resources,HR Manager,Bachelor's,Technical Degree,6,2,2,17,Travel_Frequently,87828,INR,17,3,2,3,4,No,2,Walk-in,Remote,7,2,4,2,Needs Improvement,0,18,No
1202,Kevin Martin,44,Male,Married,Marketing,Marketing Executive,Bachelor's,Medical,2,1,5,19,Travel_Rarely,25954,INR,15,3,1,3,3,No,4,LinkedIn,On-site,8,8,2,1,Excellent,1,23,No
1203,Linda Johnson,28,Male,Single,IT,System Administrator,High School,Other,0,0,1,2,Travel_Rarely,22798,INR,17,3,4,2,3,No,3,Job Portal,Remote,2,10,0,0,Good,1,24,No
1204,Sofia Anderson,21,Male,Married,Research & Development,Research Scientist,Bachelor's,Other,2,1,2,27,Travel_Frequently,49343,INR,22,3,4,4,3,No,1,Campus Hiring,On-site,9,7,0,0,Good,0,10,No
1205,Lucy Khan,35,Male,Married,Research & Development,Manufacturing Director,Bachelor's,Life Sciences,1,0,3,16,Non-Travel,166131,INR,24,3,4,4,3,No,0,Consultancy,Hybrid,5,5,1,0,Good,1,4,No
1206,Ben Brown,33,Female,Married,Marketing,Marketing Executive,Bachelor's,Other,15,9,1,15,Travel_Rarely,41668,INR,17,4,3,2,4,No,5,LinkedIn,Hybrid,10,4,0,5,Excellent,0,17,No
1207,Kevin Wilson,22,Male,Married,Finance,Accountant,Bachelor's,Marketing,4,3,0,25,Travel_Rarely,27968,INR,11,3,4,4,1,Yes,1,Campus Hiring,Hybrid,4,8,1,2,Excellent,3,13,No
1208,Kevin Lee,30,Female,Divorced,Sales,Sales Representative,Master's,Other,12,8,2,15,Travel_Frequently,31897,INR,13,3,3,3,3,Yes,3,Job Portal,Hybrid,11,3,0,4,Needs Improvement,1,18,No
1209,Maria Lee,40,Male,Married,Research & Development,R&D Manager,High School,Technical Degree,4,2,2,2,Non-Travel,128873,INR,15,3,3,2,4,No,5,Campus Hiring,Remote,5,7,0,2,Needs Improvement,2,19,No
1210,Tom Singh,37,Male,Single,Research & Development,Laboratory Technician,Master's,Other,0,0,0,15,Travel_Rarely,15792,INR,14,3,3,2,2,No,0,Referral,Remote,2,6,0,0,Needs Improvement,0,13,No
1211,Robert Rodriguez,40,Male,Divorced,IT,IT Support,Bachelor's,Medical,9,3,3,18,Travel_Rarely,30671,INR,19,3,3,4,3,No,0,Job Portal,On-site,6,10,2,3,Good,1,8,No
1212,Ravi Gupta,20,Male,Married,IT,System Administrator,Master's,Life Sciences,2,0,3,6,Travel_Frequently,31393,INR,20,4,1,3,3,Yes,0,Campus Hiring,On-site,4,3,2,1,Needs Improvement,2,6,Yes
1213,Sofia Kim,35,Female,Married,Sales,Sales Executive,Bachelor's,Medical,2,1,1,14,Non-Travel,24943,INR,24,3,3,2,3,Yes,3,Consultancy,Hybrid,5,5,0,0,Average,2,15,No
1214,Aisha Rodriguez,43,Female,Married,IT,Data Analyst,Bachelor's,Life Sciences,0,0,1,8,Travel_Rarely,29303,INR,24,3,4,4,4,Yes,3,Consultancy,On-site,2,3,0,1,Excellent,2,21,No
1215,Neha Martin,22,Female,Divorced,Sales,Sales Representative,Bachelor's,Human Resources,1,0,0,14,Travel_Frequently,17144,INR,20,3,3,4,4,No,5,LinkedIn,On-site,5,9,0,0,Needs Improvement,0,3,No
1216,Mary Singh,41,Male,Married,Sales,Sales Executive,Bachelor's,Marketing,4,2,0,27,Travel_Frequently,28634,INR,20,3,2,3,1,No,3,LinkedIn,On-site,6,7,4,1,Excellent,0,19,No
1217,John Patel,40,Male,Single,Finance,Finance Manager,Bachelor's,Medical,4,2,3,25,Travel_Rarely,97062,INR,24,4,4,1,3,No,1,Consultancy,On-site,4,9,0,2,Average,2,19,No
1218,David Wilson,25,Male,Divorced,IT,Data Analyst,Bachelor's,Technical Degree,0,0,5,13,Travel_Rarely,28226,INR,13,3,4,4,2,No,0,Campus Hiring,On-site,9,4,0,0,Average,0,16,No
1219,John Nair,20,Female,Married,Marketing,Marketing Executive,Master's,Life Sciences,1,0,3,2,Travel_Frequently,25116,INR,20,3,1,3,4,No,3,Walk-in,Hybrid,4,12,1,1,Average,1,21,No
1220,Ahmed Lee,34,Male,Married,Sales,Sales Representative,Bachelor's,Medical,16,4,1,15,Travel_Rarely,33456,INR,11,3,3,4,4,No,4,Walk-in,Hybrid,12,8,1,5,Good,0,24,No
1221,Yusuf Lee,31,Male,Married,IT,Software Engineer,High School,Human Resources,3,1,2,27,Travel_Rarely,55538,INR,16,3,1,3,1,No,0,Job Portal,Hybrid,7,2,0,1,Good,1,22,Yes
1222,Amit Ali,34,Male,Single,Research & Development,Laboratory Technician,Master's,Technical Degree,4,2,2,9,Non-Travel,19673,INR,14,3,2,4,3,Yes,0,Referral,Hybrid,6,3,0,2,Average,3,13,No
1223,John Brown,35,Male,Married,Human Resources,HR Executive,High School,Human Resources,3,1,1,26,Travel_Rarely,22871,INR,14,3,2,2,2,Yes,4,Referral,Remote,6,3,0,2,Average,3,4,Yes
1224,Wei Brown,35,Male,Married,Marketing,Marketing Executive,High School,Medical,3,2,3,3,Travel_Rarely,25182,INR,15,3,4,4,4,Yes,4,Referral,Remote,9,10,0,2,Average,2,7,No
1225,Yusuf Rodriguez,40,Male,Married,Research & Development,Laboratory Technician,Bachelor's,Human Resources,0,0,0,22,Travel_Frequently,15098,INR,11,3,3,3,2,Yes,2,Consultancy,Hybrid,6,8,0,0,Average,2,11,Yes
1226,Aisha Ali,20,Female,Married,Research & Development,Research Scientist,Bachelor's,Life Sciences,2,1,1,25,Travel_Frequently,47248,INR,12,3,3,4,3,No,3,Campus Hiring,Hybrid,2,8,0,1,Good,0,17,No
1227,Ben Garcia,32,Female,Single,Research & Development,Manufacturing Director,High School,Life Sciences,4,3,0,1,Non-Travel,181896,INR,13,3,4,4,2,No,2,Referral,On-site,7,10,0,2,Needs Improvement,1,14,No
1228,Neha Rodriguez,28,Male,Single,Finance,Finance Manager,Master's,Technical Degree,4,1,4,1,Non-Travel,113941,INR,20,3,2,1,2,No,1,Job Portal,On-site,6,1,1,1,Good,2,18,No
1229,David Kumar,20,Female,Single,Sales,Sales Executive,High School,Other,2,1,1,11,Non-Travel,25043,INR,13,3,3,4,3,No,0,LinkedIn,On-site,8,4,1,1,Average,2,14,No
1230,Lucy Ali,20,Male,Married,Marketing,Marketing Executive,Master's,Life Sciences,2,1,5,27,Travel_Rarely,28658,INR,15,3,4,4,3,No,0,Referral,On-site,4,7,0,1,Average,2,22,No
1231,Linda Ali,40,Male,Married,Marketing,Content Strategist,Bachelor's,Life Sciences,1,0,0,16,Travel_Rarely,29426,INR,16,4,3,3,2,Yes,2,LinkedIn,Hybrid,3,7,1,1,Excellent,4,4,Yes
1232,Aisha Clark,24,Female,Single,Sales,Sales Manager,Bachelor's,Technical Degree,2,1,0,10,Travel_Rarely,73360,INR,15,3,4,4,4,Yes,5,Consultancy,On-site,8,6,2,1,Average,3,13,No
1233,Priya Kim,43,Female,Married,Research & Development,R&D Manager,Master's,Life Sciences,7,6,0,20,Non-Travel,178412,INR,24,3,4,4,4,No,0,Campus Hiring,Hybrid,8,5,1,3,Excellent,0,16,No
1234,John Anderson,48,Female,Married,Marketing,Content Strategist,Bachelor's,Marketing,1,0,4,24,Travel_Rarely,29579,INR,21,3,2,4,3,No,3,Job Portal,On-site,5,5,1,1,Average,1,21,No
1235,Fatima Smith,36,Female,Single,Finance,Financial Analyst,PhD,Medical,13,11,2,18,Non-Travel,80728,INR,18,3,4,4,2,Yes,5,LinkedIn,On-site,9,5,2,5,Good,1,17,No
1236,Chen Sharma,39,Male,Single,Finance,Finance Manager,Master's,Marketing,4,3,3,26,Travel_Rarely,105606,INR,21,3,3,3,3,No,1,Campus Hiring,On-site,10,4,3,1,Good,1,11,No
1237,Kevin Ali,30,Male,Married,Sales,Sales Executive,High School,Human Resources,1,0,2,29,Travel_Frequently,23449,INR,19,3,3,4,1,No,5,Campus Hiring,Hybrid,6,10,0,0,Average,2,22,No
1238,Kevin Patel,48,Female,Married,Research & Development,R&D Manager,Master's,Marketing,1,0,3,16,Travel_Frequently,124971,INR,23,3,3,1,4,No,5,Job Portal,On-site,10,5,1,1,Average,1,18,No
1239,Nia Ali,40,Female,Married,Finance,Accountant,Master's,Human Resources,0,0,3,9,Non-Travel,22158,INR,20,3,3,4,2,No,5,LinkedIn,Hybrid,3,7,0,1,Good,4,10,No
1240,Fatima Clark,44,Male,Married,Research & Development,Manufacturing Director,Bachelor's,Human Resources,4,3,1,2,Travel_Frequently,187412,INR,11,4,4,3,1,No,1,Consultancy,Remote,5,6,4,2,Good,1,17,No
1241,Kevin Lee,37,Female,Married,Research & Development,R&D Manager,Bachelor's,Life Sciences,2,1,4,12,Travel_Rarely,114335,INR,15,3,4,2,3,Yes,1,Job Portal,On-site,5,8,2,0,Average,1,19,No
1242,Sara Smith,36,Female,Married,Sales,Sales Executive,Bachelor's,Other,18,8,2,15,Travel_Rarely,47060,INR,15,3,3,3,3,No,2,Consultancy,Hybrid,12,4,1,5,Good,2,19,No
1243,Fatima Nair,46,Female,Single,Marketing,Content Strategist,High School,Technical Degree,2,1,3,22,Non-Travel,31050,INR,17,3,3,4,3,No,2,Referral,Hybrid,5,9,2,0,Good,1,3,No
1244,Mary Anderson,33,Male,Single,Research & Development,Manufacturing Director,Bachelor's,Human Resources,9,6,0,21,Travel_Rarely,257966,INR,18,3,3,4,4,No,3,Walk-in,On-site,6,5,2,3,Average,2,5,No
1245,Neha Wilson,47,Female,Married,IT,Software Engineer,Bachelor's,Technical Degree,11,8,0,15,Travel_Rarely,107926,INR,17,3,4,4,2,No,4,Consultancy,On-site,8,6,4,3,Excellent,2,6,No
1246,Tom Johnson,39,Male,Married,Sales,Sales Executive,PhD,Other,1,0,2,24,Travel_Rarely,27437,INR,17,3,2,4,4,No,4,Referral,On-site,4,7,0,0,Good,2,11,No
1247,Kevin Rodriguez,29,Male,Divorced,Sales,Sales Executive,Bachelor's,Other,2,1,3,19,Travel_Rarely,24036,INR,12,3,4,4,4,No,3,Referral,On-site,5,9,2,1,Excellent,4,4,No
1248,Kevin Anderson,28,Male,Divorced,Sales,Sales Representative,Master's,Life Sciences,2,1,0,24,Travel_Frequently,20790,INR,12,3,3,3,3,No,4,Job Portal,Remote,5,9,0,0,Average,2,13,No
1249,John Kim,47,Male,Married,Research & Development,Manufacturing Director,Bachelor's,Other,3,2,2,2,Non-Travel,191866,INR,20,3,3,4,3,Yes,1,Walk-in,Remote,4,5,0,2,Good,0,3,No
1250,Ravi Khan,20,Male,Single,Sales,Sales Manager,Bachelor's,Marketing,2,1,1,17,Travel_Rarely,73010,INR,24,4,4,4,3,No,1,Walk-in,Hybrid,2,3,0,1,Good,0,6,No
1251,Sofia Khan,20,Male,Single,Research & Development,R&D Manager,Bachelor's,Technical Degree,1,0,2,25,Travel_Rarely,107371,INR,24,4,4,1,4,Yes,5,Consultancy,On-site,3,1,1,0,Good,1,19,No
1252,Olga Sharma,24,Male,Married,IT,Software Engineer,Bachelor's,Technical Degree,4,3,0,17,Travel_Rarely,62543,INR,12,3,3,3,3,Yes,4,LinkedIn,Remote,5,12,1,1,Average,0,23,No
1253,Wei Brown,36,Female,Married,Sales,Sales Manager,High School,Medical,0,0,1,12,Travel_Rarely,57853,INR,15,3,2,4,4,No,5,Walk-in,On-site,4,3,0,0,Good,2,15,No
1254,Maria Davis,26,Female,Married,IT,System Administrator,Master's,Technical Degree,6,4,1,26,Travel_Frequently,46153,INR,18,3,3,4,4,No,0,Job Portal,Hybrid,6,5,0,3,Good,1,21,No
1255,Raj Singh,53,Female,Single,Sales,Sales Manager,High School,Other,10,4,1,26,Travel_Rarely,100150,INR,11,3,3,4,3,Yes,1,Referral,On-site,9,2,2,4,Excellent,2,4,No
1256,Chen Brown,45,Male,Married,Research & Development,Laboratory Technician,High School,Human Resources,13,4,0,27,Travel_Rarely,26239,INR,19,4,4,3,4,No,2,Referral,Hybrid,10,7,0,4,Excellent,3,17,No
1257,Mary Lee,21,Male,Married,Finance,Accountant,Bachelor's,Human Resources,3,2,1,4,Travel_Frequently,26849,INR,22,3,2,4,3,Yes,3,LinkedIn,On-site,5,4,0,1,Average,5,18,No
1258,Mary Ali,31,Male,Single,Research & Development,Research Scientist,Bachelor's,Technical Degree,3,2,1,27,Travel_Rarely,50062,INR,13,4,4,2,3,No,2,Referral,On-site,3,7,1,1,Average,3,10,No
1259,Mary Patel,33,Male,Single,Finance,Financial Analyst,Bachelor's,Life Sciences,0,0,3,4,Travel_Rarely,30011,INR,20,3,3,4,4,No,2,Campus Hiring,Hybrid,4,3,0,1,Excellent,1,14,No
1260,Carlos Davis,47,Male,Married,Human Resources,HR Manager,Bachelor's,Technical Degree,7,3,3,18,Travel_Rarely,96772,INR,11,3,2,3,3,No,5,Job Portal,Remote,6,3,0,2,Needs Improvement,2,14,No
1261,Aisha Singh,44,Male,Married,Sales,Sales Representative,Bachelor's,Other,0,0,6,12,Travel_Rarely,16471,INR,17,3,3,4,4,No,5,Job Portal,On-site,4,6,0,0,Average,1,23,No
1262,Neha Rodriguez,24,Female,Married,Research & Development,Laboratory Technician,High School,Medical,2,1,1,20,Travel_Rarely,15536,INR,22,3,2,3,3,Yes,3,Campus Hiring,Hybrid,4,4,1,0,Good,2,16,No
1263,Anjali Davis,36,Male,Divorced,Research & Development,R&D Manager,Bachelor's,Human Resources,6,4,1,10,Travel_Rarely,151148,INR,24,3,2,4,4,No,0,Job Portal,On-site,6,1,0,2,Good,3,12,No
1264,John Garcia,44,Male,Single,Finance,Finance Manager,Bachelor's,Technical Degree,1,0,1,4,Non-Travel,82196,INR,20,3,3,4,2,Yes,5,Job Portal,Hybrid,3,4,0,0,Average,1,13,Yes
1265,David Anderson,46,Male,Married,Marketing,Marketing Executive,High School,Life Sciences,2,1,2,10,Travel_Rarely,22893,INR,11,3,4,2,3,No,0,Campus Hiring,On-site,5,6,2,1,Average,2,11,No
1266,Sara Wilson,30,Male,Married,Research & Development,Laboratory Technician,PhD,Life Sciences,4,2,5,21,Travel_Rarely,21706,INR,18,3,4,3,4,No,0,Campus Hiring,Hybrid,6,2,0,2,Needs Improvement,2,16,No
1267,Aisha Singh,24,Male,Divorced,Sales,Sales Executive,Master's,Marketing,0,0,5,19,Travel_Frequently,25475,INR,18,3,2,3,1,No,1,LinkedIn,Hybrid,2,10,0,0,Needs Improvement,0,21,Yes
1268,Carlos Ali,40,Female,Married,Marketing,Marketing Manager,Bachelor's,Technical Degree,5,3,2,2,Travel_Frequently,94789,INR,23,3,4,4,4,Yes,4,LinkedIn,Remote,7,8,0,1,Good,1,12,No
1269,John Clark,39,Male,Married,Sales,Sales Representative,Bachelor's,Technical Degree,5,2,2,29,Travel_Frequently,20429,INR,18,3,3,4,4,No,5,LinkedIn,On-site,4,2,0,2,Average,1,16,No
1270,Maria Kim,35,Female,Married,Research & Development,Research Scientist,PhD,Other,4,2,3,27,Travel_Rarely,61781,INR,16,4,4,3,3,Yes,4,Referral,On-site,4,4,2,1,Good,0,4,No
1271,Carlos Nair,20,Female,Married,Research & Development,Manufacturing Director,Master's,Marketing,1,0,6,17,Travel_Rarely,173681,INR,11,3,3,1,2,No,4,Referral,Hybrid,5,4,1,1,Excellent,1,18,No
1272,Ravi Lee,55,Male,Married,Research & Development,Research Scientist,Bachelor's,Technical Degree,4,3,1,14,Travel_Rarely,55303,INR,21,3,3,3,2,No,1,Walk-in,On-site,6,5,1,1,Average,2,17,No
1273,Tom Nair,32,Female,Married,Research & Development,Laboratory Technician,High School,Human Resources,3,1,2,23,Travel_Rarely,16632,INR,17,3,3,4,4,No,3,Consultancy,Hybrid,4,7,3,1,Good,1,22,No
1274,Tom Ali,32,Female,Divorced,Research & Development,R&D Manager,Master's,Medical,2,1,5,26,Non-Travel,122527,INR,13,3,3,2,2,No,1,LinkedIn,On-site,4,3,0,1,Good,3,17,No
1275,Yusuf Singh,37,Female,Married,Sales,Sales Manager,Bachelor's,Other,3,2,1,19,Travel_Frequently,76067,INR,22,3,3,3,3,No,4,Job Portal,Hybrid,4,2,1,1,Average,2,5,No
1276,Chen Martin,49,Female,Single,IT,Data Analyst,Bachelor's,Marketing,0,0,5,4,Travel_Rarely,30049,INR,24,3,4,3,4,No,3,LinkedIn,On-site,7,6,0,0,Good,0,10,No
1277,Ahmed Davis,32,Female,Married,Research & Development,Research Scientist,Bachelor's,Other,7,3,1,9,Travel_Rarely,67073,INR,19,3,3,4,3,No,1,Referral,On-site,5,2,2,2,Good,3,8,No
1278,Lucy Garcia,37,Male,Divorced,Sales,Sales Representative,High School,Marketing,7,6,1,15,Travel_Rarely,22478,INR,22,3,1,1,1,Yes,1,Consultancy,On-site,6,6,0,3,Good,0,7,Yes
1279,Lucy Kumar,25,Male,Single,Sales,Sales Manager,Bachelor's,Medical,2,0,3,8,Travel_Rarely,70123,INR,16,3,4,3,4,Yes,5,Campus Hiring,On-site,9,7,0,0,Average,1,15,No
1280,Mary Ali,32,Female,Single,Human Resources,HR Executive,Master's,Other,14,13,0,5,Travel_Rarely,42463,INR,19,3,4,3,3,Yes,5,Walk-in,On-site,12,7,0,4,Good,2,15,No
1281,Grace Davis,42,Female,Married,Research & Development,Laboratory Technician,Master's,Medical,1,0,1,1,Travel_Rarely,17708,INR,20,4,3,4,4,No,1,Referral,On-site,4,6,1,0,Needs Improvement,6,18,No
1282,Robert Anderson,29,Male,Single,Research & Development,Laboratory Technician,Bachelor's,Human Resources,3,2,1,4,Travel_Rarely,18565,INR,22,3,3,4,4,No,2,Referral,Hybrid,6,8,3,2,Average,0,17,No
1283,Kevin Khan,44,Male,Single,Finance,Accountant,Bachelor's,Marketing,4,3,3,9,Travel_Rarely,28245,INR,14,3,3,3,2,No,3,Job Portal,Hybrid,5,2,0,1,Good,4,18,No
1284,Grace Kim,28,Male,Married,Research & Development,Research Scientist,Master's,Life Sciences,1,0,2,24,Travel_Rarely,49789,INR,20,3,4,3,4,No,3,Job Portal,Hybrid,3,5,0,1,Needs Improvement,2,24,No
1285,Neha Johnson,34,Female,Married,IT,IT Support,Bachelor's,Technical Degree,2,1,2,18,Travel_Frequently,21822,INR,24,3,4,3,3,Yes,5,LinkedIn,On-site,6,8,0,1,Average,2,17,No
1286,Sofia Ali,56,Male,Married,IT,IT Support,Bachelor's,Marketing,13,11,1,14,Travel_Rarely,33844,INR,14,3,3,1,2,Yes,5,Consultancy,On-site,8,6,2,5,Excellent,1,24,No
1287,Raj Johnson,40,Female,Single,IT,Software Engineer,Bachelor's,Marketing,2,1,1,8,Travel_Rarely,48840,INR,19,3,3,3,1,Yes,4,LinkedIn,Hybrid,3,6,0,1,Excellent,0,4,No
1288,Wei Smith,41,Female,Married,Research & Development,Research Scientist,Master's,Technical Degree,12,8,2,22,Travel_Frequently,95444,INR,23,3,3,2,3,No,5,Campus Hiring,On-site,12,2,2,5,Average,2,9,No
1289,Ravi Khan,30,Male,Married,Marketing,Marketing Executive,Master's,Human Resources,12,9,2,13,Travel_Frequently,41578,INR,17,4,3,3,4,No,0,LinkedIn,Hybrid,10,2,8,4,Average,0,10,No
1290,Emma Sharma,39,Male,Divorced,Research & Development,R&D Manager,Bachelor's,Human Resources,1,0,2,18,Travel_Rarely,111048,INR,20,3,4,1,3,Yes,5,Job Portal,Remote,9,5,1,1,Excellent,1,3,No
1291,Lucy Wilson,49,Male,Single,Research & Development,Manufacturing Director,Bachelor's,Marketing,9,5,1,3,Travel_Rarely,257413,INR,19,3,2,2,2,No,1,Job Portal,Hybrid,9,10,5,4,Good,2,8,No
1292,Aisha Davis,39,Female,Single,Research & Development,Laboratory Technician,Bachelor's,Medical,0,0,3,16,Travel_Rarely,15126,INR,14,3,3,3,4,No,0,Job Portal,On-site,0,12,0,0,Average,1,3,No
1293,James Martin,52,Male,Married,Sales,Sales Representative,Master's,Human Resources,2,0,2,17,Non-Travel,18960,INR,20,3,3,2,2,No,3,Consultancy,Hybrid,5,8,0,1,Excellent,1,17,No
1294,Sara Kumar,31,Female,Married,Sales,Sales Executive,Bachelor's,Life Sciences,3,1,2,24,Travel_Rarely,26032,INR,23,3,3,3,3,Yes,4,Referral,Remote,7,12,1,1,Good,2,20,No
1295,Sara Gupta,21,Female,Married,Research & Development,Laboratory Technician,Bachelor's,Marketing,2,1,4,4,Non-Travel,17031,INR,23,3,2,2,4,No,4,Job Portal,Remote,5,8,1,0,Excellent,0,24,No
1296,Lucy Khan,29,Male,Married,Sales,Sales Executive,Bachelor's,Marketing,2,0,1,14,Travel_Rarely,24738,INR,12,3,3,2,3,No,0,LinkedIn,On-site,5,5,0,0,Average,4,22,No
1297,Sofia Sharma,37,Male,Married,IT,Data Analyst,Master's,Marketing,17,11,4,15,Travel_Rarely,106056,INR,11,3,3,4,3,No,5,Campus Hiring,On-site,14,5,2,5,Good,0,19,No
1298,James Smith,41,Female,Divorced,Marketing,Marketing Manager,High School,Medical,14,8,4,6,Travel_Rarely,120875,INR,22,4,3,3,4,No,1,Campus Hiring,On-site,10,8,0,4,Needs Improvement,1,15,No
1299,James Davis,46,Male,Married,Research & Development,R&D Manager,Bachelor's,Human Resources,4,1,3,1,Travel_Rarely,132420,INR,14,3,4,4,3,Yes,2,Campus Hiring,Remote,5,3,0,2,Good,0,16,No
1300,Amit Rodriguez,36,Male,Married,Research & Development,Laboratory Technician,High School,Other,10,8,2,26,Travel_Rarely,23521,INR,24,3,4,3,3,No,0,LinkedIn,Remote,11,8,2,4,Average,1,5,No
1301,Grace Lee,32,Male,Single,Marketing,Content Strategist,Bachelor's,Marketing,1,0,2,7,Travel_Rarely,30828,INR,18,3,3,4,3,No,0,Referral,On-site,3,13,1,1,Good,0,13,No
1302,Robert Gupta,39,Male,Married,IT,Software Engineer,High School,Medical,5,2,1,2,Travel_Rarely,63790,INR,23,3,2,4,3,No,1,Referral,On-site,5,9,2,2,Good,0,21,No
1303,Chen Kim,44,Male,Married,IT,Data Analyst,Bachelor's,Human Resources,9,7,4,7,Non-Travel,69407,INR,14,3,2,1,4,No,3,Consultancy,On-site,10,6,1,3,Needs Improvement,1,20,No
1304,Tom Gupta,46,Male,Married,Human Resources,HR Executive,Bachelor's,Technical Degree,4,2,0,28,Travel_Frequently,25183,INR,21,4,1,3,3,No,3,Referral,Hybrid,6,1,4,1,Good,2,3,No
1305,Ravi Kim,57,Female,Married,Research & Development,Manufacturing Director,Bachelor's,Other,2,1,5,1,Travel_Rarely,166806,INR,19,3,1,2,3,Yes,0,Referral,Hybrid,6,8,0,1,Excellent,1,13,Yes
1306,Wei Smith,44,Male,Single,Human Resources,HR Executive,Bachelor's,Other,6,1,2,13,Travel_Rarely,25779,INR,23,3,4,4,2,No,4,LinkedIn,Hybrid,10,7,1,3,Good,0,11,No
1307,Ben Singh,32,Female,Single,Finance,Accountant,Master's,Marketing,2,0,4,2,Travel_Frequently,27406,INR,12,3,1,3,3,No,3,Referral,Hybrid,2,7,0,1,Needs Improvement,2,7,No
1308,Priya Ali,60,Male,Single,IT,Software Engineer,Bachelor's,Medical,4,3,1,5,Travel_Frequently,64443,INR,23,3,3,4,3,No,2,Job Portal,On-site,5,4,0,1,Good,0,12,No
1309,Sara Garcia,51,Male,Single,Sales,Sales Executive,PhD,Other,5,3,2,9,Travel_Rarely,35327,INR,12,3,3,4,2,No,2,Job Portal,Hybrid,4,6,1,1,Average,2,16,No
1310,Neha Ali,41,Male,Divorced,IT,Data Analyst,PhD,Human Resources,10,4,3,28,Travel_Rarely,83817,INR,21,4,2,3,3,No,5,Campus Hiring,On-site,9,8,2,4,Needs Improvement,1,5,No
1311,John Martin,31,Male,Divorced,IT,Data Analyst,Master's,Human Resources,0,0,4,19,Travel_Rarely,32898,INR,15,3,4,1,3,No,0,Job Portal,Hybrid,6,8,0,0,Average,0,16,No
1312,Yusuf Gupta,37,Female,Divorced,IT,Software Engineer,Master's,Technical Degree,6,4,2,1,Travel_Rarely,87692,INR,23,3,3,1,1,Yes,2,Job Portal,Hybrid,6,2,2,3,Excellent,1,24,Yes
1313,Grace Nair,37,Female,Single,Research & Development,Manufacturing Director,Master's,Human Resources,19,6,3,8,Travel_Rarely,349215,INR,18,4,4,4,3,No,4,Job Portal,On-site,13,9,4,5,Good,0,4,No
1314,Aisha Kumar,58,Male,Single,Sales,Sales Manager,Bachelor's,Technical Degree,0,0,1,7,Travel_Rarely,57557,INR,12,3,4,3,2,No,3,LinkedIn,Remote,5,4,0,1,Good,3,8,No
1315,Fatima Garcia,37,Female,Single,Research & Development,Laboratory Technician,Bachelor's,Life Sciences,5,1,3,16,Travel_Rarely,20663,INR,17,3,3,3,3,No,5,Consultancy,Hybrid,4,2,2,2,Average,0,22,No
1316,Nia Johnson,34,Female,Single,Sales,Sales Manager,Bachelor's,Technical Degree,3,1,0,9,Travel_Frequently,77766,INR,23,3,4,2,4,Yes,0,Job Portal,On-site,7,14,0,2,Good,2,14,No
1317,Neha Kumar,42,Male,Divorced,Marketing,Marketing Executive,Bachelor's,Technical Degree,0,0,3,2,Travel_Rarely,20899,INR,15,3,2,4,2,No,0,Referral,On-site,5,6,0,0,Average,2,18,No
1318,Nia Singh,30,Male,Married,Finance,Financial Analyst,Bachelor's,Technical Degree,9,7,2,26,Travel_Rarely,57938,INR,13,3,3,4,3,No,4,Job Portal,Hybrid,7,3,0,4,Good,3,3,No
1319,Grace Lee,41,Female,Single,Sales,Sales Executive,High School,Other,4,3,2,22,Travel_Rarely,27767,INR,18,4,3,3,3,Yes,0,Referral,Hybrid,8,6,0,1,Average,2,12,No
1320,Yusuf Johnson,41,Female,Married,Marketing,Marketing Manager,Bachelor's,Marketing,7,3,0,26,Travel_Rarely,103702,INR,11,3,4,3,1,No,0,Walk-in,Hybrid,7,1,4,2,Good,2,20,No
1321,Maria Nair,20,Female,Married,Finance,Financial Analyst,Bachelor's,Human Resources,2,0,0,6,Travel_Rarely,34184,INR,20,3,4,3,2,No,2,Consultancy,On-site,7,7,1,0,Average,3,4,No
1322,Lucy Brown,43,Male,Married,Human Resources,HR Executive,Bachelor's,Medical,0,0,1,29,Travel_Frequently,21000,INR,17,3,3,4,4,No,5,Job Portal,Remote,3,2,0,0,Average,5,16,No
1323,Ahmed Martin,25,Female,Single,Research & Development,R&D Manager,Bachelor's,Medical,0,0,1,2,Travel_Rarely,105479,INR,12,3,1,3,2,Yes,5,LinkedIn,On-site,4,6,0,0,Good,1,14,Yes
1324,Kevin Kumar,33,Female,Married,IT,Data Analyst,Bachelor's,Technical Degree,5,4,1,9,Travel_Rarely,51384,INR,17,3,4,4,4,No,3,Campus Hiring,Hybrid,8,4,5,2,Good,2,18,No
1325,Sofia Wilson,44,Female,Divorced,IT,System Administrator,Bachelor's,Other,2,1,4,7,Non-Travel,29307,INR,23,3,3,2,4,Yes,1,Consultancy,Hybrid,4,5,1,1,Good,4,20,No
1326,Priya Brown,40,Male,Married,Sales,Sales Executive,Master's,Marketing,1,0,2,26,Travel_Rarely,27437,INR,18,3,4,3,3,No,4,LinkedIn,Hybrid,0,4,1,1,Excellent,4,4,No
1327,Nia Ali,42,Male,Married,Research & Development,Manufacturing Director,Master's,Other,4,2,2,24,Non-Travel,215639,INR,18,3,3,4,4,No,4,Campus Hiring,On-site,9,12,1,1,Average,1,18,No
1328,Ravi Rodriguez,40,Male,Single,Finance,Accountant,High School,Marketing,3,2,1,4,Travel_Frequently,24891,INR,18,4,4,3,3,Yes,2,Referral,Hybrid,3,5,3,2,Good,0,24,No
1329,Chen Garcia,45,Female,Divorced,Sales,Sales Executive,Bachelor's,Life Sciences,8,4,1,26,Travel_Rarely,36255,INR,23,3,4,4,2,No,1,Consultancy,On-site,7,7,2,3,Good,1,18,No
1330,Tom Khan,46,Male,Married,IT,IT Support,PhD,Life Sciences,4,3,1,10,Travel_Rarely,28543,INR,12,3,4,4,2,Yes,5,LinkedIn,On-site,10,8,0,2,Average,2,15,No
1331,Mary Khan,29,Male,Divorced,Human Resources,HR Manager,Master's,Marketing,2,0,1,27,Travel_Rarely,79956,INR,14,4,2,4,3,Yes,5,LinkedIn,On-site,5,2,2,1,Good,1,7,No
1332,Chen Patel,45,Male,Married,Research & Development,Laboratory Technician,Bachelor's,Technical Degree,0,0,1,27,Travel_Rarely,14310,INR,24,3,2,3,3,Yes,1,Campus Hiring,Remote,6,7,0,1,Good,1,3,Yes
1333,Chen Kim,30,Male,Single,Research & Development,Research Scientist,Bachelor's,Other,7,6,1,8,Travel_Rarely,68404,INR,15,3,4,3,3,No,2,Referral,On-site,4,4,1,3,Needs Improvement,5,11,No
1334,Tom Anderson,34,Female,Married,Research & Development,Research Scientist,PhD,Other,14,5,1,24,Travel_Rarely,106266,INR,20,3,1,4,3,Yes,2,Referral,On-site,10,7,0,4,Good,2,19,No
1335,Fatima Khan,34,Female,Married,Research & Development,Manufacturing Director,Bachelor's,Marketing,0,0,0,1,Travel_Rarely,145546,INR,13,3,3,1,2,Yes,1,Campus Hiring,On-site,8,5,0,0,Average,4,22,Yes
1336,James Nair,32,Female,Single,Sales,Sales Executive,Bachelor's,Human Resources,1,0,4,6,Travel_Rarely,23378,INR,22,3,4,4,2,No,5,LinkedIn,Hybrid,5,8,1,0,Average,2,20,No
1337,Robert Smith,32,Male,Married,Marketing,Marketing Manager,Bachelor's,Marketing,1,0,2,2,Non-Travel,72000,INR,21,3,3,2,3,No,4,Referral,On-site,4,2,0,1,Average,2,20,No
1338,Nia Kumar,27,Female,Married,Research & Development,Research Scientist,Bachelor's,Other,9,4,2,22,Travel_Rarely,74462,INR,24,4,3,1,4,Yes,4,Job Portal,Remote,11,8,2,4,Good,1,12,No
1339,Lucy Anderson,35,Male,Single,Human Resources,HR Executive,Bachelor's,Other,7,2,1,17,Travel_Rarely,29238,INR,20,3,4,1,3,Yes,3,Campus Hiring,On-site,5,7,3,3,Average,0,16,No
1340,Yusuf Nair,52,Female,Married,Marketing,Marketing Manager,Bachelor's,Other,3,2,3,20,Travel_Rarely,80855,INR,18,3,4,4,3,No,5,LinkedIn,On-site,6,5,3,2,Needs Improvement,2,8,No
1341,James Rodriguez,32,Male,Single,Marketing,Content Strategist,Bachelor's,Other,14,7,4,12,Travel_Rarely,56450,INR,16,3,3,3,1,No,2,LinkedIn,Remote,14,9,0,5,Average,3,18,No
1342,Aisha Rodriguez,26,Female,Married,Finance,Finance Manager,Bachelor's,Medical,1,0,5,20,Travel_Rarely,82469,INR,18,3,4,4,2,No,5,Campus Hiring,On-site,2,5,0,0,Good,5,21,No
1343,Linda Anderson,36,Female,Single,Marketing,Marketing Executive,High School,Marketing,0,0,5,17,Travel_Frequently,20211,INR,21,3,1,4,4,Yes,4,LinkedIn,Hybrid,7,4,0,1,Average,0,22,Yes
1344,Aisha Brown,34,Female,Married,Marketing,Marketing Manager,Master's,Technical Degree,5,4,2,20,Travel_Frequently,103357,INR,17,3,4,4,3,No,5,LinkedIn,On-site,3,7,0,1,Average,1,24,No
1345,Robert Gupta,30,Male,Married,Marketing,Marketing Executive,Master's,Medical,4,3,2,16,Travel_Rarely,30080,INR,24,3,3,3,2,No,3,LinkedIn,On-site,3,5,0,1,Good,1,18,No
1346,Neha Garcia,49,Male,Married,Research & Development,Research Scientist,Master's,Medical,10,3,1,18,Travel_Rarely,79385,INR,13,3,2,4,1,Yes,4,Referral,Hybrid,6,6,0,4,Average,1,7,Yes
1347,Ahmed Martin,30,Male,Married,Finance,Financial Analyst,Master's,Human Resources,11,4,2,21,Travel_Frequently,73399,INR,18,3,4,4,2,Yes,1,Job Portal,On-site,8,3,1,4,Average,0,6,No
1348,Ahmed Kim,37,Male,Married,IT,System Administrator,Master's,Human Resources,13,9,2,22,Travel_Frequently,62082,INR,14,3,3,1,2,Yes,2,Campus Hiring,Hybrid,8,3,0,5,Average,2,9,No
1349,Amit Singh,36,Male,Married,Sales,Sales Executive,High School,Life Sciences,0,0,4,25,Travel_Rarely,21903,INR,12,3,4,3,1,Yes,0,Campus Hiring,On-site,4,2,0,0,Good,3,6,Yes
1350,James Ali,34,Female,Married,Sales,Sales Representative,Master's,Medical,11,6,1,5,Non-Travel,29195,INR,15,3,1,2,3,No,4,LinkedIn,Remote,13,5,1,3,Good,5,11,No
1351,Neha Brown,44,Female,Single,Human Resources,HR Manager,Bachelor's,Medical,0,0,1,15,Travel_Rarely,59757,INR,13,3,3,4,1,No,5,Campus Hiring,On-site,2,12,0,0,Average,2,12,No
1352,Mary Martin,59,Female,Single,Research & Development,Laboratory Technician,Bachelor's,Human Resources,4,2,1,26,Travel_Rarely,18178,INR,15,3,2,3,2,No,1,Referral,On-site,8,6,0,2,Average,1,21,No
1353,Linda Kim,48,Male,Divorced,IT,System Administrator,Master's,Human Resources,7,4,2,17,Travel_Frequently,46591,INR,12,3,4,4,4,No,2,LinkedIn,Remote,8,6,0,2,Average,1,24,No
1354,Nia Sharma,47,Male,Married,Research & Development,Manufacturing Director,Bachelor's,Other,0,0,4,13,Travel_Rarely,148675,INR,13,3,4,3,1,No,0,Job Portal,Remote,1,4,0,1,Good,1,17,No
1355,Ahmed Anderson,49,Female,Married,Marketing,Marketing Executive,Master's,Medical,2,1,1,22,Non-Travel,27751,INR,21,3,4,2,3,Yes,4,Campus Hiring,Remote,3,3,2,1,Average,4,12,No
1356,Wei Singh,24,Female,Single,Marketing,Marketing Manager,High School,Life Sciences,4,2,3,5,Non-Travel,81015,INR,20,3,1,3,1,No,0,Consultancy,On-site,5,8,4,2,Needs Improvement,2,10,Yes
1357,Ahmed Garcia,29,Female,Married,Research & Development,Research Scientist,High School,Marketing,4,2,2,21,Travel_Rarely,52070,INR,13,3,3,4,4,No,4,Campus Hiring,Remote,3,6,0,1,Excellent,1,6,No
1358,Anjali Wilson,39,Male,Married,Sales,Sales Executive,Bachelor's,Life Sciences,2,1,2,2,Travel_Rarely,25663,INR,23,4,4,2,3,No,2,Walk-in,On-site,3,10,2,1,Good,2,17,No
1359,Nia Ali,44,Male,Married,IT,Data Analyst,Bachelor's,Marketing,4,2,1,24,Travel_Rarely,48063,INR,18,3,1,4,4,No,3,Walk-in,Hybrid,14,4,0,1,Average,1,24,No
1360,Aisha Khan,57,Female,Divorced,Research & Development,Manufacturing Director,Bachelor's,Human Resources,0,0,1,12,Travel_Rarely,150225,INR,11,3,2,4,3,No,5,Job Portal,Hybrid,9,5,0,0,Good,1,21,No
1361,Carlos Khan,20,Male,Married,Research & Development,Manufacturing Director,High School,Human Resources,2,1,2,25,Travel_Frequently,164119,INR,13,3,4,3,4,No,4,Campus Hiring,On-site,4,2,2,1,Average,2,15,No
1362,Olga Sharma,35,Male,Divorced,Sales,Sales Manager,Bachelor's,Other,3,1,2,2,Travel_Rarely,71392,INR,21,3,4,3,2,No,5,LinkedIn,On-site,1,8,2,1,Good,0,21,No
1363,Tom Singh,50,Male,Single,Human Resources,HR Manager,Bachelor's,Medical,0,0,3,9,Travel_Frequently,58347,INR,16,3,4,3,3,Yes,1,Walk-in,Remote,3,8,0,0,Good,1,4,No
1364,Robert Khan,39,Male,Single,Marketing,Marketing Executive,High School,Human Resources,2,0,2,22,Travel_Rarely,22110,INR,18,3,4,1,4,No,3,LinkedIn,Hybrid,2,5,1,0,Good,1,12,No
1365,Anjali Davis,40,Female,Married,Research & Development,R&D Manager,Bachelor's,Life Sciences,0,0,0,5,Travel_Rarely,96461,INR,13,3,2,4,4,No,2,LinkedIn,Hybrid,8,8,0,1,Needs Improvement,4,4,No
1366,Yusuf Garcia,20,Female,Married,Sales,Sales Executive,Bachelor's,Human Resources,2,1,2,13,Travel_Frequently,25729,INR,15,3,3,3,3,No,1,Job Portal,Remote,8,3,0,0,Average,1,3,No
1367,Chen Lee,22,Male,Married,Sales,Sales Representative,Bachelor's,Marketing,2,1,2,26,Travel_Frequently,17183,INR,21,3,4,3,4,Yes,3,Walk-in,Hybrid,11,5,0,1,Good,2,11,No
1368,Kevin Patel,30,Male,Married,IT,Software Engineer,High School,Medical,4,3,3,8,Non-Travel,57770,INR,19,4,4,2,3,Yes,5,Consultancy,On-site,5,6,0,2,Good,0,15,No
1369,Nia Sharma,47,Female,Married,Marketing,Marketing Manager,Master's,Human Resources,5,3,1,24,Travel_Frequently,108282,INR,14,3,4,3,4,No,4,Walk-in,Remote,3,8,5,2,Average,1,13,No
1370,Tom Clark,41,Male,Married,Research & Development,R&D Manager,Bachelor's,Other,1,0,3,6,Travel_Rarely,107803,INR,16,3,4,1,2,No,5,Job Portal,Hybrid,3,3,1,0,Good,0,9,No
1371,Raj Singh,29,Male,Single,Sales,Sales Manager,Bachelor's,Human Resources,3,2,4,18,Travel_Frequently,70314,INR,15,3,4,2,2,No,2,Walk-in,On-site,5,5,3,1,Needs Improvement,2,19,No
1372,Wei Patel,35,Female,Married,Sales,Sales Executive,Bachelor's,Life Sciences,0,0,0,12,Travel_Rarely,22216,INR,16,3,1,4,3,No,0,Job Portal,On-site,4,6,0,1,Average,0,18,Yes
1373,Ahmed Davis,36,Female,Married,Finance,Finance Manager,High School,Marketing,3,2,5,21,Travel_Rarely,89756,INR,15,3,2,3,2,No,1,Referral,Hybrid,6,4,0,2,Excellent,0,18,No
1374,Wei Martin,24,Female,Single,Research & Development,Research Scientist,Bachelor's,Human Resources,5,4,4,14,Travel_Frequently,55425,INR,21,3,3,4,2,Yes,5,LinkedIn,On-site,5,6,3,1,Good,5,5,No
1375,Sara Kim,29,Male,Married,Finance,Financial Analyst,Master's,Medical,11,4,3,22,Non-Travel,70096,INR,21,3,3,3,3,Yes,0,LinkedIn,Hybrid,12,6,6,3,Good,1,7,No
1376,Raj Ali,27,Female,Married,Human Resources,HR Manager,PhD,Other,0,0,1,24,Travel_Rarely,70691,INR,20,3,3,4,3,No,1,LinkedIn,On-site,2,5,0,1,Good,2,3,No
1377,David Kumar,46,Male,Married,Research & Development,Laboratory Technician,Bachelor's,Human Resources,4,1,3,2,Travel_Rarely,18802,INR,19,3,4,4,2,Yes,1,Job Portal,Hybrid,4,9,1,2,Average,2,8,No
1378,Ahmed Anderson,41,Female,Single,IT,Data Analyst,High School,Other,3,2,3,9,Travel_Frequently,40038,INR,16,3,4,4,1,No,0,Consultancy,Hybrid,3,9,1,2,Good,1,24,No
1379,Ahmed Ali,29,Male,Married,Finance,Accountant,Bachelor's,Human Resources,4,1,0,8,Travel_Rarely,28105,INR,15,4,4,3,3,Yes,4,Walk-in,On-site,5,6,0,1,Good,2,3,No
1380,John Rodriguez,35,Male,Married,Human Resources,HR Executive,High School,Life Sciences,17,14,1,21,Travel_Frequently,34711,INR,22,3,3,4,3,Yes,1,Referral,Remote,14,3,1,5,Average,0,17,No
1381,Tom Smith,42,Male,Married,Marketing,Content Strategist,Master's,Life Sciences,0,0,2,21,Travel_Rarely,30684,INR,20,3,3,1,3,Yes,1,Consultancy,Hybrid,4,6,0,1,Good,2,5,Yes
1382,Nia Anderson,60,Female,Married,Sales,Sales Manager,Master's,Medical,0,0,4,1,Travel_Rarely,62120,INR,17,3,2,4,3,No,4,Campus Hiring,Remote,2,6,0,0,Average,2,5,No
1383,Grace Singh,39,Male,Married,Marketing,Marketing Executive,Master's,Human Resources,0,0,4,26,Travel_Rarely,23302,INR,17,3,4,3,3,No,3,Job Portal,Remote,6,3,0,1,Good,0,23,No
1384,Mary Nair,42,Male,Single,IT,IT Support,Master's,Human Resources,2,1,0,8,Travel_Frequently,21593,INR,11,3,4,2,3,No,4,Job Portal,On-site,3,5,0,1,Excellent,0,5,No
1385,Sara Anderson,31,Male,Single,Marketing,Content Strategist,Master's,Technical Degree,3,1,0,8,Travel_Rarely,38837,INR,23,3,2,4,3,No,0,Job Portal,On-site,1,6,0,1,Average,2,13,No
1386,Neha Smith,33,Male,Married,Sales,Sales Representative,Master's,Other,14,7,1,23,Travel_Rarely,34760,INR,22,3,4,4,1,Yes,0,Referral,On-site,9,8,0,5,Excellent,1,8,No
1387,James Rodriguez,43,Female,Married,Marketing,Marketing Manager,Master's,Other,5,3,1,8,Travel_Rarely,102029,INR,24,4,3,4,2,No,0,LinkedIn,On-site,6,6,0,2,Average,1,13,No
1388,Anjali Gupta,38,Male,Married,Human Resources,HR Executive,Master's,Human Resources,4,3,2,23,Travel_Frequently,27908,INR,20,3,3,4,4,No,2,Job Portal,Remote,6,3,3,1,Excellent,0,10,No
1389,Chen Patel,47,Male,Married,IT,System Administrator,Bachelor's,Human Resources,1,0,2,14,Travel_Rarely,26851,INR,20,3,3,4,3,No,0,Walk-in,On-site,6,10,0,1,Needs Improvement,3,8,No
1390,Linda Sharma,34,Male,Married,Research & Development,Laboratory Technician,PhD,Life Sciences,0,0,2,3,Travel_Rarely,17301,INR,17,3,4,1,3,No,2,Referral,Remote,3,9,0,0,Good,1,11,No
1391,Lucy Davis,29,Female,Married,Research & Development,Manufacturing Director,Master's,Life Sciences,3,1,3,26,Non-Travel,205517,INR,15,3,2,3,2,No,2,Job Portal,On-site,6,6,1,1,Needs Improvement,1,21,No
1392,Tom Kim,43,Male,Married,IT,Data Analyst,Bachelor's,Human Resources,0,0,3,13,Travel_Frequently,29354,INR,18,3,2,1,3,No,5,Job Portal,Hybrid,9,7,0,1,Average,2,12,No
1393,Yusuf Anderson,31,Male,Single,IT,IT Support,Master's,Life Sciences,5,1,0,17,Travel_Rarely,27371,INR,13,3,3,4,3,No,3,Job Portal,Hybrid,3,7,0,1,Good,4,6,No
1394,Nia Smith,45,Female,Single,Human Resources,HR Manager,Master's,Life Sciences,1,0,2,18,Travel_Frequently,69703,INR,23,3,1,2,4,No,2,Referral,On-site,5,6,1,1,Good,0,7,No
1395,Grace Davis,29,Male,Divorced,Research & Development,Manufacturing Director,Master's,Medical,1,0,3,9,Travel_Rarely,183444,INR,13,3,2,1,4,No,1,Walk-in,On-site,1,9,1,0,Average,2,20,No
1396,Maria Patel,39,Male,Married,IT,Data Analyst,Master's,Other,8,7,0,3,Travel_Rarely,69384,INR,19,3,2,3,3,Yes,1,LinkedIn,On-site,5,8,1,2,Excellent,1,18,No
1397,Mary Lee,37,Male,Married,IT,System Administrator,High School,Medical,0,0,2,26,Travel_Rarely,24216,INR,22,3,1,3,4,No,3,Job Portal,On-site,5,8,0,1,Good,0,16,No
1398,Lucy Johnson,33,Female,Divorced,Sales,Sales Representative,Bachelor's,Other,2,1,2,24,Travel_Rarely,17501,INR,21,3,4,4,2,Yes,3,Campus Hiring,On-site,7,3,2,1,Good,1,3,No
1399,Ravi Singh,45,Male,Single,Human Resources,HR Recruiter,Bachelor's,Marketing,3,1,4,2,Travel_Rarely,20755,INR,13,3,1,4,2,No,3,Campus Hiring,On-site,2,11,3,1,Good,0,21,No
1400,John Clark,38,Female,Married,Finance,Finance Manager,Bachelor's,Medical,0,0,0,25,Non-Travel,80337,INR,22,3,1,3,3,Yes,3,Referral,On-site,4,4,0,1,Good,5,14,Yes
1401,Ben Lee,51,Male,Divorced,IT,Data Analyst,Master's,Life Sciences,15,14,1,11,Travel_Frequently,105993,INR,17,3,3,4,3,No,0,LinkedIn,Hybrid,12,7,1,5,Good,1,14,No
1402,Amit Sharma,46,Female,Married,Sales,Sales Manager,Master's,Marketing,0,0,1,17,Travel_Rarely,66841,INR,15,3,3,3,2,No,0,LinkedIn,On-site,5,7,0,1,Needs Improvement,1,22,No
1403,Yusuf Brown,30,Female,Married,Sales,Sales Manager,Bachelor's,Human Resources,12,9,4,4,Travel_Rarely,117041,INR,12,3,4,2,3,No,5,Job Portal,Hybrid,9,2,0,4,Good,2,21,No
1404,James Smith,41,Female,Married,Research & Development,Manufacturing Director,Bachelor's,Marketing,3,2,1,14,Non-Travel,191614,INR,16,4,2,1,1,No,0,Job Portal,Hybrid,5,5,0,1,Average,0,23,No
1405,John Wilson,49,Male,Married,Research & Development,Manufacturing Director,PhD,Medical,1,0,0,4,Travel_Rarely,199795,INR,16,3,4,3,2,No,0,LinkedIn,Hybrid,1,6,1,0,Good,5,11,No
1406,James Johnson,49,Male,Married,Sales,Sales Representative,Master's,Life Sciences,8,4,0,28,Travel_Rarely,27096,INR,24,3,4,2,3,No,5,Campus Hiring,On-site,10,11,0,3,Good,2,10,No
1407,Priya Ali,33,Female,Single,Sales,Sales Manager,PhD,Medical,1,0,0,4,Travel_Rarely,73371,INR,19,4,3,4,4,No,3,Referral,Hybrid,6,5,1,1,Good,3,10,No
1408,Raj Ali,27,Male,Single,Research & Development,Research Scientist,High School,Human Resources,2,1,1,1,Travel_Rarely,43557,INR,20,3,4,4,3,Yes,5,Campus Hiring,Hybrid,6,4,2,0,Excellent,3,14,No
1409,Fatima Lee,50,Male,Married,Research & Development,Laboratory Technician,High School,Technical Degree,21,7,2,2,Travel_Rarely,28788,INR,11,3,3,1,3,No,3,LinkedIn,Remote,10,6,2,5,Good,1,11,No
1410,Ravi Kumar,24,Male,Single,IT,System Administrator,Master's,Human Resources,0,0,3,21,Travel_Rarely,26640,INR,18,4,4,2,2,No,1,LinkedIn,Hybrid,2,8,0,0,Needs Improvement,1,17,No
1411,Chen Ali,43,Male,Married,Sales,Sales Manager,Bachelor's,Medical,2,1,0,12,Non-Travel,66491,INR,23,3,3,3,3,Yes,2,Walk-in,On-site,3,10,0,1,Good,1,3,No
1412,Raj Patel,26,Male,Divorced,Finance,Finance Manager,Bachelor's,Life Sciences,2,1,2,5,Non-Travel,95097,INR,18,4,4,4,3,No,2,LinkedIn,On-site,5,6,1,1,Average,1,17,No
1413,Olga Rodriguez,25,Male,Single,Marketing,Content Strategist,Bachelor's,Human Resources,0,0,1,4,Travel_Frequently,28085,INR,23,3,3,2,4,No,5,Walk-in,Hybrid,8,11,0,0,Average,2,6,No
1414,David Garcia,45,Female,Single,IT,System Administrator,PhD,Life Sciences,1,0,4,8,Travel_Rarely,31714,INR,17,4,3,3,3,No,3,Referral,On-site,1,6,0,1,Good,0,21,No
1415,David Kumar,34,Female,Married,IT,System Administrator,High School,Life Sciences,0,0,1,11,Travel_Rarely,23534,INR,18,3,3,4,4,No,3,Job Portal,On-site,5,5,0,1,Average,3,10,No
1416,Ben Nair,27,Male,Single,Sales,Sales Executive,Master's,Human Resources,0,0,4,9,Travel_Rarely,25181,INR,15,4,3,4,3,Yes,1,Job Portal,On-site,1,2,0,1,Good,0,3,No
1417,Maria Nair,26,Female,Married,Research & Development,Research Scientist,Bachelor's,Medical,2,1,2,17,Travel_Rarely,47706,INR,17,3,4,3,1,No,4,Job Portal,Hybrid,3,4,1,0,Good,2,10,No
1418,Priya Sharma,27,Female,Married,Sales,Sales Executive,Bachelor's,Medical,0,0,3,29,Travel_Rarely,22068,INR,20,3,3,4,4,No,5,Walk-in,Hybrid,3,8,0,0,Needs Improvement,1,5,No
1419,Anjali Nair,41,Male,Married,Marketing,Marketing Executive,High School,Technical Degree,0,0,0,11,Travel_Frequently,21624,INR,12,3,1,2,1,Yes,0,LinkedIn,Hybrid,4,7,0,0,Good,1,4,Yes
1420,Emma Kim,38,Male,Divorced,Research & Development,Laboratory Technician,Bachelor's,Medical,1,0,2,26,Travel_Rarely,16254,INR,15,3,4,4,4,No,3,Referral,Hybrid,11,8,1,1,Average,3,17,No
1421,John Anderson,20,Female,Married,Finance,Finance Manager,Master's,Human Resources,2,0,3,22,Travel_Rarely,103210,INR,12,3,3,2,4,No,2,Job Portal,On-site,4,3,1,0,Excellent,1,10,No
1422,Neha Wilson,33,Female,Married,Research & Development,Research Scientist,Bachelor's,Human Resources,0,0,0,15,Travel_Frequently,40211,INR,21,3,4,3,3,Yes,0,Consultancy,On-site,2,9,0,0,Needs Improvement,3,6,No
1423,Yusuf Lee,29,Male,Single,Sales,Sales Representative,Bachelor's,Medical,3,2,3,12,Travel_Rarely,20337,INR,14,3,4,3,3,No,5,Referral,Remote,5,8,1,2,Good,1,23,No
1424,James Anderson,35,Male,Single,Research & Development,Manufacturing Director,Bachelor's,Medical,4,2,1,26,Travel_Rarely,189533,INR,12,3,2,4,3,No,5,LinkedIn,On-site,3,8,3,1,Average,2,16,No
1425,Tom Sharma,45,Male,Single,Research & Development,R&D Manager,Bachelor's,Technical Degree,2,1,2,15,Non-Travel,121500,INR,19,3,4,3,4,No,1,LinkedIn,Hybrid,3,9,2,1,Good,1,15,No
1426,Sofia Kim,39,Female,Married,Sales,Sales Executive,High School,Other,0,0,2,17,Travel_Rarely,19756,INR,21,3,4,3,2,Yes,4,LinkedIn,Hybrid,2,7,0,0,Average,4,5,No
1427,Raj Davis,34,Female,Single,Sales,Sales Manager,Bachelor's,Other,4,2,2,5,Non-Travel,80103,INR,22,3,3,3,3,No,3,Walk-in,Remote,4,8,0,2,Average,0,5,No
1428,Fatima Sharma,34,Male,Married,Human Resources,HR Executive,Bachelor's,Other,16,15,2,13,Travel_Rarely,38341,INR,11,3,2,4,3,Yes,3,Referral,On-site,9,4,1,5,Excellent,1,12,No
1429,Maria Khan,45,Male,Married,Sales,Sales Manager,Bachelor's,Technical Degree,3,2,2,12,Travel_Frequently,77703,INR,22,3,3,3,4,No,5,LinkedIn,On-site,5,5,0,2,Good,2,7,No
1430,Chen Kim,24,Male,Single,Human Resources,HR Recruiter,PhD,Marketing,0,0,0,28,Non-Travel,20409,INR,24,3,3,4,3,Yes,5,Campus Hiring,On-site,2,8,0,1,Good,4,3,No
1431,Sara Khan,30,Female,Married,Human Resources,HR Executive,Master's,Marketing,0,0,2,16,Travel_Rarely,21929,INR,11,3,3,2,2,Yes,5,LinkedIn,Hybrid,4,7,0,0,Good,3,3,Yes
1432,Tom Gupta,39,Male,Married,Research & Development,R&D Manager,Bachelor's,Technical Degree,2,1,1,29,Travel_Frequently,114901,INR,23,3,3,1,3,Yes,3,Referral,Hybrid,2,6,1,1,Needs Improvement,2,14,No
1433,James Lee,45,Female,Married,Research & Development,R&D Manager,Master's,Life Sciences,2,1,4,25,Travel_Rarely,129072,INR,17,4,2,1,2,No,5,LinkedIn,Hybrid,6,13,1,1,Good,1,18,No
1434,Ahmed Khan,36,Female,Married,Human Resources,HR Executive,Bachelor's,Human Resources,1,0,3,27,Travel_Rarely,21015,INR,17,3,3,3,2,No,0,Campus Hiring,On-site,2,9,0,1,Excellent,3,5,No
1435,Ben Ali,28,Male,Married,IT,Software Engineer,Bachelor's,Marketing,0,0,1,1,Travel_Frequently,33627,INR,13,3,1,3,3,No,4,Job Portal,Hybrid,4,5,0,0,Average,3,24,No
1436,Priya Lee,31,Male,Married,Human Resources,HR Manager,Bachelor's,Life Sciences,13,4,3,22,Travel_Rarely,122660,INR,11,3,4,3,4,No,3,LinkedIn,Hybrid,9,10,0,4,Average,2,11,No
1437,Linda Kim,34,Female,Married,Sales,Sales Representative,Bachelor's,Human Resources,0,0,1,6,Travel_Rarely,16490,INR,16,3,3,2,4,No,2,Job Portal,On-site,5,3,0,0,Average,4,18,No
1438,James Patel,54,Male,Single,Sales,Sales Executive,Bachelor's,Other,3,2,3,2,Travel_Rarely,25592,INR,22,3,1,2,2,No,5,Referral,Hybrid,4,9,0,1,Needs Improvement,1,14,No
1439,David Ali,53,Male,Married,Research & Development,Laboratory Technician,High School,Human Resources,0,0,1,7,Travel_Frequently,14287,INR,17,3,3,4,1,Yes,0,LinkedIn,On-site,4,5,0,1,Average,1,19,Yes
1440,Anjali Lee,39,Male,Divorced,Human Resources,HR Recruiter,Bachelor's,Technical Degree,8,6,3,2,Travel_Rarely,28313,INR,16,3,4,4,4,No,3,Referral,On-site,5,12,4,3,Average,2,9,No
1441,Linda Lee,38,Female,Married,IT,Software Engineer,High School,Marketing,1,0,1,11,Travel_Rarely,38852,INR,20,4,4,3,3,No,5,Job Portal,Hybrid,5,6,0,0,Good,1,16,No
1442,Sara Khan,44,Male,Single,Research & Development,Laboratory Technician,Bachelor's,Technical Degree,1,0,3,20,Travel_Rarely,16073,INR,20,4,4,4,3,No,3,LinkedIn,On-site,1,5,0,1,Good,1,17,No
1443,Fatima Kim,27,Female,Single,Research & Development,Laboratory Technician,Master's,Other,0,0,1,10,Travel_Rarely,16882,INR,17,3,3,4,3,Yes,1,Job Portal,On-site,7,4,0,0,Good,1,3,No
1444,Mary Ali,28,Female,Single,Sales,Sales Manager,Bachelor's,Medical,10,3,3,20,Travel_Rarely,110666,INR,11,3,4,2,4,No,3,Job Portal,Hybrid,8,5,1,4,Excellent,2,17,No
1445,David Ali,33,Female,Divorced,Research & Development,Research Scientist,Bachelor's,Life Sciences,4,1,1,16,Travel_Rarely,53538,INR,21,3,3,4,4,No,0,Referral,On-site,6,6,2,1,Excellent,1,4,No
1446,John Davis,46,Male,Single,Finance,Financial Analyst,Bachelor's,Human Resources,0,0,1,14,Travel_Rarely,28965,INR,23,3,4,3,3,Yes,2,Referral,Hybrid,2,9,0,1,Average,2,8,No
1447,Aisha Lee,37,Female,Married,IT,Software Engineer,Master's,Technical Degree,5,4,2,11,Travel_Rarely,78246,INR,14,3,3,3,2,No,2,Campus Hiring,Hybrid,7,10,0,1,Average,0,13,No
1448,Sara Clark,43,Female,Single,Human Resources,HR Recruiter,Bachelor's,Other,6,5,4,5,Travel_Frequently,26153,INR,16,4,4,4,4,Yes,2,Campus Hiring,Hybrid,6,12,0,3,Average,1,9,No
1449,Emma Clark,29,Female,Married,Sales,Sales Representative,Bachelor's,Life Sciences,3,2,2,10,Travel_Rarely,19285,INR,12,3,3,3,3,Yes,4,LinkedIn,Hybrid,3,9,0,1,Good,2,20,No
1450,Priya Kumar,34,Female,Divorced,Human Resources,HR Recruiter,PhD,Other,4,1,0,27,Travel_Rarely,26474,INR,15,4,3,3,4,No,5,LinkedIn,Hybrid,5,5,0,2,Good,1,16,No
1451,Sara Anderson,36,Male,Divorced,Finance,Finance Manager,PhD,Technical Degree,0,0,2,21,Travel_Frequently,92390,INR,19,3,4,4,1,Yes,2,Campus Hiring,On-site,5,7,0,1,Average,1,6,Yes
1452,John Singh,32,Male,Married,Human Resources,HR Executive,Master's,Marketing,14,6,2,3,Travel_Rarely,38214,INR,17,4,4,1,3,Yes,4,Campus Hiring,On-site,7,9,0,5,Good,0,10,No
1453,Amit Ali,28,Male,Single,Sales,Sales Manager,Bachelor's,Life Sciences,7,5,3,20,Travel_Frequently,92454,INR,20,3,3,2,4,Yes,4,Referral,Hybrid,5,3,2,3,Average,1,23,No
1454,David Patel,31,Male,Married,Research & Development,Research Scientist,Bachelor's,Life Sciences,8,2,2,21,Travel_Rarely,69695,INR,21,3,4,4,2,Yes,0,LinkedIn,On-site,5,4,0,3,Average,3,9,No
1455,Sara Brown,20,Male,Single,Sales,Sales Representative,Master's,Marketing,2,0,3,12,Non-Travel,18970,INR,15,3,3,3,4,No,3,Referral,Hybrid,4,5,0,0,Average,0,3,No
1456,Fatima Khan,20,Male,Married,Research & Development,R&D Manager,Bachelor's,Other,1,0,2,5,Travel_Rarely,105826,INR,14,3,3,3,3,No,2,Referral,On-site,1,3,0,0,Average,1,13,No
1457,Priya Sharma,27,Male,Single,Research & Development,R&D Manager,PhD,Technical Degree,3,1,2,7,Travel_Rarely,140555,INR,13,3,4,4,2,No,4,Walk-in,Hybrid,7,6,3,1,Good,1,12,No
1458,Mary Lee,33,Male,Married,Research & Development,R&D Manager,High School,Marketing,5,3,2,2,Travel_Rarely,135386,INR,24,3,4,2,3,No,0,LinkedIn,Hybrid,9,4,1,2,Excellent,3,7,No
1459,Nia Singh,32,Male,Married,IT,Software Engineer,Master's,Human Resources,0,0,1,8,Travel_Rarely,40734,INR,14,4,2,2,3,No,1,LinkedIn,On-site,2,6,0,0,Good,3,13,No
1460,Robert Singh,34,Female,Married,Marketing,Marketing Executive,Master's,Other,1,0,2,23,Travel_Rarely,24971,INR,12,3,3,4,3,Yes,1,Referral,Hybrid,4,8,0,1,Good,2,6,Yes
1461,Ravi Rodriguez,34,Female,Divorced,Finance,Financial Analyst,Master's,Other,16,11,1,18,Travel_Rarely,87432,INR,13,3,4,2,3,No,0,Consultancy,Remote,15,5,0,5,Average,0,3,No
1462,Grace Gupta,35,Female,Married,Research & Development,R&D Manager,Bachelor's,Other,5,4,0,24,Travel_Rarely,145464,INR,19,4,4,1,1,No,0,Campus Hiring,Hybrid,7,10,3,2,Good,1,15,No
1463,Emma Kumar,25,Male,Married,Marketing,Marketing Executive,Master's,Human Resources,0,0,2,10,Travel_Rarely,25225,INR,23,3,4,3,4,No,2,LinkedIn,Hybrid,4,7,0,0,Average,2,3,No
1464,Sara Patel,39,Male,Single,Marketing,Marketing Executive,Bachelor's,Marketing,13,11,3,27,Travel_Rarely,38370,INR,12,3,1,2,3,No,0,LinkedIn,On-site,10,7,1,4,Average,1,4,No
1465,Maria Smith,44,Male,Married,Finance,Finance Manager,Bachelor's,Medical,1,0,1,10,Travel_Rarely,84329,INR,12,3,2,4,3,No,5,Referral,Hybrid,6,6,0,1,Good,1,9,No
1466,Kevin Clark,20,Male,Married,Sales,Sales Manager,High School,Technical Degree,2,0,3,7,Travel_Rarely,65634,INR,17,3,3,3,4,No,0,LinkedIn,On-site,4,6,2,0,Good,0,15,No
1467,Raj Johnson,46,Female,Divorced,Research & Development,Research Scientist,Bachelor's,Technical Degree,2,0,3,10,Travel_Rarely,46526,INR,13,3,2,3,4,No,5,Referral,On-site,6,3,2,1,Good,1,7,No
1468,James Anderson,35,Male,Married,Human Resources,HR Manager,Bachelor's,Medical,1,0,0,11,Non-Travel,65096,INR,14,3,2,3,4,Yes,3,Referral,Hybrid,7,6,1,1,Excellent,2,12,No
1469,Kevin Nair,33,Male,Divorced,Research & Development,Laboratory Technician,Bachelor's,Other,8,5,3,28,Travel_Rarely,22807,INR,14,3,3,4,1,Yes,2,Referral,On-site,10,4,5,2,Average,2,22,No
1470,Kevin Khan,27,Female,Divorced,Research & Development,Research Scientist,High School,Human Resources,0,0,3,27,Travel_Rarely,39890,INR,20,3,3,4,3,Yes,4,Referral,On-site,2,6,0,0,Good,4,23,No
1471,John Smith,33,Female,Single,Sales,Sales Manager,Bachelor's,Other,3,2,1,3,Travel_Rarely,72018,INR,16,3,4,4,3,No,5,Job Portal,Hybrid,6,6,0,2,Good,4,14,No
1472,Amit Anderson,32,Male,Divorced,Research & Development,Laboratory Technician,Bachelor's,Other,5,1,1,12,Travel_Frequently,19505,INR,14,4,4,4,4,Yes,4,Campus Hiring,On-site,9,6,1,1,Good,2,14,No
1473,Raj Kim,39,Male,Single,IT,Software Engineer,High School,Medical,5,1,3,23,Non-Travel,69383,INR,11,4,3,3,3,No,4,Job Portal,On-site,6,5,1,1,Good,1,8,No
1474,Raj Wilson,27,Male,Married,Marketing,Marketing Executive,Bachelor's,Technical Degree,9,4,5,23,Non-Travel,33455,INR,17,3,3,1,3,No,4,Job Portal,On-site,9,4,1,4,Good,2,4,No
1475,Chen Brown,41,Male,Single,Research & Development,R&D Manager,Bachelor's,Medical,0,0,2,10,Non-Travel,99678,INR,16,3,2,4,3,Yes,2,Job Portal,Hybrid,5,4,0,1,Needs Improvement,0,12,Yes
1476,Ravi Wilson,48,Male,Single,Marketing,Marketing Manager,Master's,Human Resources,3,1,3,29,Travel_Rarely,89415,INR,14,4,3,4,3,No,2,Walk-in,Hybrid,4,2,0,1,Average,3,8,No
1477,Ahmed Rodriguez,36,Female,Married,Marketing,Content Strategist,Bachelor's,Other,7,5,1,28,Travel_Rarely,45674,INR,20,3,3,1,3,Yes,4,Referral,On-site,4,6,0,3,Average,1,7,No
1478,Carlos Garcia,29,Male,Married,Research & Development,Research Scientist,Bachelor's,Medical,4,2,3,7,Travel_Rarely,54903,INR,15,3,3,4,4,Yes,1,Walk-in,Hybrid,4,11,4,2,Good,1,10,No
1479,Maria Smith,20,Female,Married,Research & Development,Research Scientist,Bachelor's,Life Sciences,1,0,3,1,Travel_Rarely,45283,INR,12,3,4,4,3,No,5,Consultancy,Hybrid,3,5,1,1,Good,5,22,No
1480,Emma Brown,23,Male,Married,Research & Development,Laboratory Technician,Bachelor's,Other,2,0,0,6,Travel_Rarely,17520,INR,24,3,4,1,3,No,1,Job Portal,On-site,5,5,2,1,Average,1,23,No
1481,Yusuf Wilson,29,Female,Single,IT,Data Analyst,Bachelor's,Other,0,0,2,7,Travel_Rarely,29749,INR,19,3,4,2,3,No,3,Walk-in,On-site,6,5,0,0,Average,2,9,No
1482,Sofia Wilson,42,Female,Single,Finance,Financial Analyst,Master's,Other,2,1,1,1,Travel_Rarely,41685,INR,17,3,1,3,3,Yes,2,Walk-in,Hybrid,8,7,0,1,Average,0,9,Yes
1483,Carlos Smith,29,Male,Married,IT,Data Analyst,Bachelor's,Life Sciences,9,5,4,22,Non-Travel,69229,INR,11,3,3,4,3,No,4,Consultancy,Remote,10,7,4,4,Good,0,3,No
1484,Robert Anderson,27,Male,Single,Research & Development,R&D Manager,Master's,Marketing,4,3,1,17,Non-Travel,151888,INR,15,3,2,1,3,No,3,Campus Hiring,Hybrid,6,6,4,2,Good,1,10,No
1485,Chen Gupta,54,Female,Single,Finance,Financial Analyst,High School,Other,7,6,0,26,Non-Travel,46582,INR,12,3,4,4,3,No,4,Referral,On-site,9,3,1,3,Good,3,15,No
1486,Sara Kim,39,Male,Married,Research & Development,R&D Manager,PhD,Technical Degree,6,5,2,3,Travel_Rarely,176117,INR,23,3,2,3,4,Yes,1,Walk-in,On-site,7,3,0,3,Average,2,22,No
1487,Grace Clark,37,Male,Divorced,Human Resources,HR Executive,Master's,Marketing,0,0,2,9,Travel_Rarely,23033,INR,12,3,3,1,1,Yes,4,Referral,Remote,8,10,0,1,Good,1,9,Yes
1488,Robert Johnson,36,Male,Single,Marketing,Marketing Manager,Bachelor's,Human Resources,0,0,1,14,Travel_Rarely,66111,INR,19,3,4,1,3,No,3,LinkedIn,Hybrid,1,9,0,0,Good,2,23,No
1489,Wei Sharma,28,Male,Married,IT,IT Support,Master's,Medical,7,5,0,11,Travel_Rarely,28686,INR,23,3,4,4,4,No,4,Referral,Hybrid,5,3,1,2,Average,3,14,No
1490,Mary Smith,38,Female,Married,IT,Data Analyst,Bachelor's,Life Sciences,5,3,1,29,Travel_Rarely,53941,INR,12,3,3,3,3,No,4,Campus Hiring,Hybrid,6,5,0,1,Good,2,10,No
1491,Fatima Johnson,40,Male,Divorced,Research & Development,Manufacturing Director,Master's,Technical Degree,11,4,2,5,Non-Travel,293229,INR,19,3,3,4,3,No,3,Job Portal,On-site,10,9,2,4,Needs Improvement,0,6,No
1492,Mary Kumar,37,Male,Married,IT,Data Analyst,Bachelor's,Marketing,0,0,4,7,Non-Travel,28386,INR,21,3,3,3,2,No,3,Campus Hiring,On-site,8,9,0,1,Good,1,20,No
1493,David Lee,42,Male,Single,IT,System Administrator,Bachelor's,Marketing,0,0,0,17,Travel_Rarely,25672,INR,19,3,3,3,2,No,1,Referral,Remote,6,12,0,0,Average,2,22,No
1494,Ahmed Singh,24,Female,Married,Research & Development,Manufacturing Director,Bachelor's,Other,2,0,1,22,Travel_Rarely,179054,INR,20,3,3,1,4,No,0,LinkedIn,Hybrid,6,5,2,0,Good,0,24,No
1495,Chen Brown,26,Male,Married,IT,System Administrator,Bachelor's,Technical Degree,8,6,4,27,Travel_Rarely,48665,INR,12,4,3,4,3,No,1,Job Portal,Remote,4,7,0,2,Average,3,10,No
1496,Aisha Davis,36,Female,Single,Sales,Sales Executive,Master's,Other,0,0,2,24,Travel_Frequently,25560,INR,21,3,4,4,3,No,1,Referral,Hybrid,3,8,0,1,Average,1,23,No
1497,Aisha Singh,48,Male,Divorced,Research & Development,Research Scientist,High School,Medical,6,5,1,12,Travel_Rarely,57687,INR,11,4,4,2,3,No,4,Referral,Remote,12,6,1,3,Good,0,18,No
1498,John Kumar,35,Female,Married,Research & Development,Research Scientist,High School,Marketing,2,1,2,10,Travel_Rarely,43924,INR,16,3,1,3,4,No,1,Referral,Hybrid,3,7,0,1,Good,1,3,No
1499,Mary Anderson,47,Male,Married,Human Resources,HR Manager,Master's,Other,0,0,1,1,Travel_Rarely,69652,INR,23,3,3,4,3,Yes,5,Job Portal,On-site,5,4,0,1,Good,1,22,Yes
1500,Emma Davis,43,Female,Married,IT,Software Engineer,High School,Technical Degree,2,1,1,28,Travel_Frequently,46276,INR,21,3,4,3,4,Yes,3,Campus Hiring,Hybrid,5,9,2,1,Average,1,4,No
